Image Index,True Class,Confidence for Class 0,Confidence for Class 1,Confidence for Class 2,Confidence for Class 3,Confidence for Class 4,Confidence for Class 5,Confidence for Class 6,Confidence for Class 7,Confidence for Class 8,Confidence for Class 9
0,6,0.02,0.0,0.01,0.0,0.0,0.04,0.92,0.0,0.0,0.01
1,0,0.99,0.0,0.0,0.0,0.0,0.0,0.0,0.0,0.0,0.01
2,0,1.0,0.0,0.0,0.0,0.0,0.0,0.0,0.0,0.0,0.0
3,3,0.0,0.0,0.0,0.99,0.0,0.0,0.0,0.01,0.0,0.0
4,0,0.99,0.0,0.0,0.0,0.0,0.0,0.01,0.0,0.0,0.0
5,5,0.0,0.03,0.01,0.0,0.0,0.88,0.0,0.01,0.01,0.06
6,0,0.88,0.0,0.0,0.0,0.05,0.0,0.04,0.01,0.01,0.01
7,0,0.99,0.0,0.0,0.0,0.0,0.01,0.0,0.0,0.0,0.0
8,4,0.04,0.01,0.01,0.0,0.86,0.01,0.0,0.06,0.01,0.0
9,1,0.0,0.95,0.0,0.0,0.02,0.01,0.0,0.0,0.01,0.01
10,2,0.01,0.01,0.92,0.0,0.0,0.0,0.0,0.01,0.05,0.0
11,8,0.0,0.02,0.02,0.05,0.0,0.0,0.0,0.01,0.9,0.0
12,4,0.0,0.07,0.0,0.01,0.78,0.0,0.08,0.04,0.02,0.0
13,5,0.0,0.0,0.0,0.02,0.0,0.97,0.0,0.0,0.01,0.0
14,9,0.01,0.02,0.02,0.03,0.01,0.04,0.0,0.04,0.02,0.81
15,6,0.0,0.01,0.0,0.0,0.0,0.0,0.98,0.01,0.0,0.0
16,3,0.01,0.01,0.0,0.95,0.0,0.0,0.0,0.0,0.0,0.03
17,1,0.0,0.88,0.0,0.0,0.05,0.01,0.02,0.0,0.04,0.0
18,8,0.0,0.01,0.02,0.0,0.01,0.0,0.01,0.01,0.92,0.02
19,8,0.0,0.0,0.02,0.0,0.01,0.02,0.0,0.0,0.95,0.0
20,4,0.02,0.0,0.0,0.01,0.94,0.02,0.01,0.0,0.0,0.0
21,2,0.0,0.02,0.91,0.03,0.0,0.01,0.01,0.0,0.02,0.0
22,3,0.0,0.02,0.0,0.93,0.01,0.02,0.01,0.0,0.0,0.01
23,8,0.0,0.01,0.05,0.0,0.04,0.02,0.03,0.01,0.8,0.04
24,9,0.0,0.0,0.01,0.07,0.01,0.02,0.0,0.0,0.02,0.87
25,8,0.0,0.0,0.03,0.01,0.0,0.0,0.0,0.01,0.95,0.0
26,8,0.0,0.01,0.02,0.07,0.0,0.02,0.0,0.01,0.87,0.0
27,5,0.0,0.01,0.0,0.0,0.03,0.8,0.08,0.01,0.06,0.01
28,0,1.0,0.0,0.0,0.0,0.0,0.0,0.0,0.0,0.0,0.0
29,6,0.01,0.0,0.0,0.0,0.0,0.0,0.99,0.0,0.0,0.0
30,3,0.0,0.01,0.02,0.91,0.0,0.01,0.01,0.0,0.01,0.03
31,3,0.0,0.01,0.02,0.95,0.0,0.0,0.0,0.0,0.01,0.01
32,7,0.0,0.01,0.0,0.0,0.0,0.0,0.0,0.96,0.03,0.0
33,1,0.0,0.96,0.0,0.01,0.0,0.0,0.02,0.0,0.01,0.0
34,6,0.02,0.01,0.0,0.0,0.0,0.03,0.91,0.0,0.03,0.0
35,4,0.0,0.0,0.0,0.0,1.0,0.0,0.0,0.0,0.0,0.0
36,1,0.0,0.89,0.06,0.0,0.01,0.02,0.0,0.01,0.01,0.0
37,2,0.0,0.0,1.0,0.0,0.0,0.0,0.0,0.0,0.0,0.0
38,1,0.0,0.97,0.0,0.0,0.0,0.0,0.0,0.01,0.01,0.01
39,1,0.01,0.88,0.02,0.0,0.01,0.0,0.0,0.03,0.05,0.0
40,6,0.01,0.0,0.0,0.04,0.03,0.1,0.73,0.0,0.07,0.02
41,4,0.0,0.04,0.01,0.0,0.81,0.04,0.06,0.0,0.04,0.0
42,7,0.0,0.0,0.01,0.01,0.08,0.02,0.0,0.81,0.03,0.04
43,4,0.0,0.01,0.0,0.0,0.94,0.01,0.01,0.0,0.02,0.01
44,8,0.0,0.02,0.02,0.01,0.02,0.0,0.01,0.01,0.89,0.02
45,3,0.0,0.0,0.02,0.97,0.0,0.01,0.0,0.0,0.0,0.0
46,4,0.02,0.0,0.0,0.0,0.97,0.0,0.01,0.0,0.0,0.0
47,0,0.93,0.0,0.0,0.0,0.01,0.0,0.06,0.0,0.0,0.0
48,5,0.0,0.01,0.0,0.02,0.0,0.94,0.01,0.0,0.02,0.0
49,1,0.0,0.89,0.02,0.01,0.01,0.01,0.0,0.01,0.02,0.03
50,9,0.0,0.01,0.01,0.07,0.0,0.0,0.0,0.0,0.0,0.91
51,4,0.0,0.01,0.0,0.01,0.96,0.0,0.0,0.01,0.01,0.0
52,5,0.0,0.01,0.0,0.01,0.0,0.97,0.01,0.0,0.0,0.0
53,7,0.0,0.0,0.01,0.01,0.0,0.0,0.0,0.94,0.03,0.01
54,6,0.0,0.0,0.01,0.0,0.0,0.01,0.97,0.0,0.01,0.0
55,3,0.0,0.0,0.0,0.92,0.0,0.0,0.0,0.0,0.03,0.05
56,7,0.0,0.0,0.0,0.0,0.02,0.0,0.02,0.93,0.02,0.01
57,0,0.97,0.0,0.0,0.0,0.0,0.01,0.0,0.0,0.01,0.01
58,5,0.0,0.08,0.0,0.03,0.03,0.76,0.02,0.0,0.06,0.02
59,9,0.0,0.03,0.0,0.01,0.01,0.02,0.0,0.02,0.0,0.91
60,7,0.01,0.01,0.0,0.0,0.0,0.01,0.0,0.92,0.01,0.04
61,5,0.02,0.04,0.0,0.0,0.03,0.81,0.03,0.02,0.02,0.03
62,9,0.0,0.0,0.01,0.02,0.0,0.01,0.0,0.01,0.01,0.94
63,7,0.01,0.01,0.01,0.01,0.02,0.0,0.0,0.93,0.0,0.01
64,4,0.01,0.0,0.0,0.0,0.97,0.0,0.0,0.01,0.01,0.0
65,2,0.0,0.04,0.79,0.05,0.01,0.0,0.0,0.0,0.08,0.03
66,1,0.0,0.89,0.1,0.0,0.0,0.0,0.01,0.0,0.0,0.0
67,9,0.0,0.0,0.0,0.0,0.0,0.02,0.0,0.0,0.0,0.98
68,0,1.0,0.0,0.0,0.0,0.0,0.0,0.0,0.0,0.0,0.0
69,7,0.0,0.0,0.0,0.02,0.0,0.0,0.0,0.97,0.01,0.0
70,5,0.0,0.01,0.0,0.0,0.0,0.95,0.01,0.0,0.01,0.02
71,3,0.0,0.04,0.13,0.64,0.0,0.0,0.0,0.05,0.14,0.0
72,3,0.0,0.0,0.02,0.95,0.0,0.0,0.0,0.01,0.0,0.02
73,6,0.0,0.0,0.0,0.0,0.01,0.01,0.98,0.0,0.0,0.0
74,3,0.0,0.01,0.0,0.94,0.0,0.01,0.0,0.01,0.0,0.03
75,9,0.0,0.01,0.01,0.04,0.0,0.0,0.0,0.0,0.0,0.94
76,6,0.0,0.0,0.0,0.0,0.0,0.02,0.98,0.0,0.0,0.0
77,9,0.0,0.0,0.0,0.03,0.0,0.0,0.0,0.0,0.0,0.97
78,5,0.0,0.0,0.0,0.02,0.0,0.95,0.0,0.01,0.0,0.02
79,0,0.99,0.0,0.0,0.0,0.0,0.0,0.0,0.0,0.0,0.01
80,1,0.0,0.91,0.02,0.0,0.02,0.0,0.01,0.01,0.02,0.01
81,5,0.0,0.0,0.0,0.06,0.0,0.9,0.0,0.0,0.01,0.03
82,5,0.0,0.01,0.0,0.0,0.0,0.98,0.0,0.0,0.01,0.0
83,8,0.0,0.0,0.02,0.04,0.0,0.01,0.0,0.01,0.89,0.03
84,3,0.0,0.0,0.03,0.9,0.0,0.01,0.0,0.04,0.0,0.02
85,3,0.0,0.0,0.04,0.85,0.0,0.0,0.0,0.06,0.03,0.02
86,6,0.0,0.0,0.0,0.0,0.0,0.0,1.0,0.0,0.0,0.0
87,2,0.0,0.0,0.96,0.04,0.0,0.0,0.0,0.0,0.0,0.0
88,6,0.05,0.0,0.0,0.02,0.0,0.04,0.89,0.0,0.0,0.0
89,5,0.0,0.0,0.0,0.0,0.0,0.99,0.0,0.01,0.0,0.0
90,5,0.03,0.01,0.0,0.0,0.15,0.66,0.11,0.03,0.01,0.0
91,2,0.0,0.01,0.96,0.0,0.0,0.02,0.0,0.0,0.0,0.01
92,0,0.99,0.0,0.0,0.0,0.0,0.01,0.0,0.0,0.0,0.0
93,8,0.0,0.01,0.02,0.0,0.0,0.0,0.03,0.0,0.93,0.01
94,7,0.0,0.01,0.0,0.02,0.0,0.0,0.0,0.96,0.0,0.01
95,3,0.0,0.0,0.0,0.97,0.0,0.0,0.0,0.0,0.01,0.02
96,7,0.0,0.0,0.0,0.0,0.01,0.0,0.0,0.99,0.0,0.0
97,0,1.0,0.0,0.0,0.0,0.0,0.0,0.0,0.0,0.0,0.0
98,2,0.0,0.01,0.9,0.02,0.0,0.02,0.01,0.01,0.03,0.0
99,2,0.01,0.0,0.96,0.01,0.0,0.01,0.01,0.0,0.0,0.0
100,3,0.0,0.01,0.05,0.82,0.0,0.02,0.0,0.02,0.02,0.06
101,5,0.0,0.0,0.0,0.06,0.0,0.9,0.0,0.0,0.0,0.04
102,8,0.0,0.01,0.0,0.01,0.0,0.02,0.01,0.0,0.92,0.03
103,7,0.0,0.02,0.0,0.0,0.05,0.02,0.03,0.84,0.04,0.0
104,3,0.0,0.01,0.01,0.95,0.0,0.0,0.0,0.0,0.0,0.03
105,6,0.0,0.0,0.01,0.0,0.01,0.01,0.97,0.0,0.0,0.0
106,5,0.0,0.02,0.0,0.02,0.01,0.83,0.03,0.0,0.02,0.07
107,9,0.0,0.02,0.01,0.08,0.0,0.02,0.0,0.0,0.06,0.81
108,9,0.0,0.01,0.0,0.0,0.03,0.02,0.0,0.08,0.01,0.85
109,2,0.0,0.0,0.99,0.0,0.0,0.0,0.0,0.0,0.01,0.0
110,5,0.0,0.03,0.02,0.02,0.03,0.81,0.0,0.05,0.0,0.04
111,6,0.0,0.02,0.01,0.0,0.01,0.01,0.94,0.0,0.01,0.0
112,3,0.0,0.01,0.02,0.9,0.0,0.0,0.0,0.0,0.04,0.03
113,0,1.0,0.0,0.0,0.0,0.0,0.0,0.0,0.0,0.0,0.0
114,7,0.0,0.0,0.0,0.0,0.0,0.0,0.0,1.0,0.0,0.0
115,1,0.0,0.98,0.02,0.0,0.0,0.0,0.0,0.0,0.0,0.0
116,1,0.0,0.97,0.0,0.0,0.0,0.01,0.0,0.0,0.01,0.01
117,9,0.01,0.0,0.0,0.03,0.0,0.02,0.0,0.0,0.01,0.93
118,6,0.01,0.01,0.01,0.01,0.01,0.0,0.93,0.0,0.02,0.0
119,1,0.0,0.83,0.0,0.01,0.01,0.02,0.01,0.05,0.04,0.03
120,1,0.01,0.86,0.01,0.01,0.0,0.0,0.0,0.02,0.09,0.0
121,0,0.98,0.0,0.0,0.0,0.01,0.0,0.0,0.01,0.0,0.0
122,0,0.98,0.0,0.0,0.0,0.01,0.0,0.0,0.0,0.01,0.0
123,2,0.0,0.03,0.92,0.02,0.0,0.0,0.01,0.0,0.0,0.02
124,9,0.0,0.0,0.0,0.03,0.0,0.0,0.0,0.0,0.01,0.96
125,3,0.0,0.03,0.03,0.81,0.01,0.01,0.0,0.0,0.07,0.04
126,9,0.0,0.02,0.04,0.0,0.03,0.02,0.0,0.11,0.06,0.72
127,9,0.03,0.02,0.0,0.03,0.01,0.07,0.01,0.0,0.06,0.77
128,3,0.01,0.01,0.01,0.82,0.0,0.03,0.01,0.02,0.04,0.05
129,7,0.0,0.0,0.03,0.01,0.02,0.0,0.0,0.93,0.01,0.0
130,7,0.0,0.0,0.02,0.01,0.0,0.0,0.0,0.94,0.0,0.03
131,1,0.0,0.95,0.0,0.0,0.0,0.0,0.0,0.01,0.04,0.0
132,3,0.0,0.0,0.02,0.95,0.0,0.0,0.0,0.0,0.01,0.02
133,5,0.03,0.0,0.0,0.02,0.0,0.83,0.02,0.0,0.0,0.1
134,4,0.0,0.0,0.0,0.0,1.0,0.0,0.0,0.0,0.0,0.0
135,6,0.01,0.0,0.0,0.0,0.01,0.0,0.98,0.0,0.0,0.0
136,1,0.0,0.89,0.0,0.01,0.02,0.01,0.02,0.02,0.03,0.0
137,2,0.0,0.0,1.0,0.0,0.0,0.0,0.0,0.0,0.0,0.0
138,1,0.0,0.89,0.06,0.01,0.01,0.0,0.0,0.01,0.01,0.01
139,1,0.0,0.9,0.01,0.0,0.01,0.0,0.01,0.05,0.02,0.0
140,8,0.0,0.02,0.01,0.02,0.0,0.0,0.0,0.0,0.95,0.0
141,7,0.0,0.0,0.0,0.0,0.02,0.01,0.0,0.92,0.02,0.03
142,6,0.01,0.0,0.02,0.01,0.0,0.02,0.93,0.0,0.0,0.01
143,9,0.03,0.0,0.0,0.02,0.0,0.01,0.01,0.0,0.0,0.93
144,2,0.0,0.02,0.96,0.0,0.0,0.0,0.0,0.0,0.02,0.0
145,0,0.94,0.0,0.0,0.0,0.02,0.03,0.0,0.01,0.0,0.0
146,4,0.0,0.02,0.01,0.0,0.93,0.0,0.0,0.02,0.01,0.01
147,4,0.0,0.0,0.01,0.0,0.94,0.0,0.0,0.01,0.01,0.03
148,8,0.0,0.02,0.03,0.06,0.01,0.02,0.01,0.01,0.82,0.02
149,8,0.0,0.0,0.01,0.02,0.0,0.0,0.0,0.0,0.96,0.01
150,7,0.0,0.02,0.0,0.0,0.01,0.0,0.0,0.97,0.0,0.0
151,1,0.01,0.92,0.0,0.0,0.0,0.0,0.0,0.0,0.01,0.06
152,3,0.0,0.01,0.03,0.76,0.01,0.01,0.01,0.04,0.12,0.01
153,1,0.01,0.93,0.0,0.0,0.02,0.01,0.0,0.0,0.0,0.03
154,7,0.0,0.0,0.02,0.03,0.01,0.01,0.0,0.86,0.01,0.06
155,1,0.0,0.86,0.01,0.0,0.03,0.0,0.01,0.02,0.07,0.0
156,9,0.0,0.01,0.01,0.08,0.0,0.03,0.0,0.0,0.15,0.72
157,5,0.0,0.0,0.0,0.03,0.0,0.94,0.0,0.0,0.0,0.03
158,1,0.0,0.92,0.02,0.01,0.01,0.0,0.01,0.0,0.0,0.03
159,7,0.0,0.0,0.0,0.0,0.0,0.0,0.0,1.0,0.0,0.0
160,0,1.0,0.0,0.0,0.0,0.0,0.0,0.0,0.0,0.0,0.0
161,0,0.91,0.01,0.0,0.01,0.07,0.0,0.0,0.0,0.0,0.0
162,2,0.0,0.11,0.76,0.09,0.0,0.0,0.0,0.01,0.0,0.03
163,2,0.0,0.0,0.98,0.01,0.0,0.0,0.0,0.01,0.0,0.0
164,6,0.0,0.0,0.0,0.0,0.01,0.01,0.95,0.0,0.02,0.01
165,9,0.0,0.04,0.0,0.0,0.01,0.0,0.01,0.0,0.0,0.94
166,4,0.01,0.02,0.0,0.0,0.91,0.01,0.01,0.02,0.01,0.01
167,1,0.0,0.87,0.01,0.02,0.02,0.04,0.0,0.02,0.02,0.0
168,9,0.02,0.01,0.02,0.01,0.0,0.01,0.0,0.0,0.07,0.86
169,0,1.0,0.0,0.0,0.0,0.0,0.0,0.0,0.0,0.0,0.0
170,6,0.0,0.0,0.0,0.0,0.0,0.0,1.0,0.0,0.0,0.0
171,7,0.0,0.0,0.0,0.0,0.0,0.0,0.0,1.0,0.0,0.0
172,7,0.0,0.0,0.01,0.01,0.0,0.0,0.0,0.98,0.0,0.0
173,9,0.0,0.0,0.0,0.02,0.0,0.01,0.0,0.0,0.0,0.97
174,5,0.0,0.01,0.01,0.03,0.0,0.9,0.02,0.01,0.01,0.01
175,4,0.0,0.07,0.0,0.0,0.83,0.02,0.01,0.04,0.02,0.01
176,7,0.0,0.0,0.0,0.0,0.0,0.0,0.01,0.99,0.0,0.0
177,0,0.96,0.0,0.02,0.0,0.01,0.0,0.0,0.01,0.0,0.0
178,7,0.0,0.0,0.01,0.0,0.0,0.01,0.0,0.97,0.01,0.0
179,6,0.0,0.02,0.01,0.0,0.0,0.01,0.91,0.0,0.05,0.0
180,8,0.0,0.03,0.0,0.02,0.0,0.01,0.04,0.0,0.81,0.09
181,7,0.0,0.0,0.0,0.0,0.02,0.01,0.0,0.95,0.02,0.0
182,1,0.0,0.9,0.04,0.01,0.0,0.0,0.04,0.0,0.01,0.0
183,4,0.0,0.01,0.0,0.0,0.99,0.0,0.0,0.0,0.0,0.0
184,6,0.0,0.0,0.0,0.0,0.0,0.0,1.0,0.0,0.0,0.0
185,2,0.0,0.01,0.96,0.0,0.0,0.0,0.0,0.0,0.03,0.0
186,8,0.0,0.0,0.05,0.01,0.0,0.02,0.0,0.03,0.78,0.11
187,7,0.0,0.0,0.01,0.0,0.0,0.0,0.0,0.99,0.0,0.0
188,5,0.0,0.02,0.01,0.03,0.0,0.9,0.0,0.0,0.03,0.01
189,9,0.0,0.0,0.0,0.01,0.0,0.0,0.0,0.0,0.0,0.99
190,0,1.0,0.0,0.0,0.0,0.0,0.0,0.0,0.0,0.0,0.0
191,3,0.0,0.01,0.03,0.76,0.0,0.12,0.02,0.0,0.04,0.02
192,9,0.0,0.0,0.01,0.04,0.01,0.03,0.0,0.02,0.02,0.87
193,6,0.02,0.0,0.0,0.0,0.0,0.0,0.98,0.0,0.0,0.0
194,6,0.0,0.0,0.0,0.0,0.01,0.0,0.99,0.0,0.0,0.0
195,1,0.0,0.97,0.0,0.0,0.02,0.0,0.01,0.0,0.0,0.0
196,9,0.01,0.01,0.0,0.0,0.0,0.0,0.0,0.0,0.0,0.98
197,8,0.0,0.11,0.04,0.01,0.03,0.04,0.01,0.01,0.74,0.01
198,2,0.0,0.01,0.99,0.0,0.0,0.0,0.0,0.0,0.0,0.0
199,9,0.0,0.01,0.0,0.02,0.0,0.0,0.0,0.01,0.0,0.96
200,8,0.0,0.0,0.01,0.02,0.0,0.0,0.0,0.01,0.85,0.11
201,9,0.0,0.01,0.0,0.01,0.02,0.0,0.0,0.01,0.01,0.94
202,7,0.0,0.0,0.01,0.02,0.0,0.0,0.0,0.96,0.0,0.01
203,4,0.0,0.0,0.0,0.0,0.8,0.0,0.0,0.14,0.02,0.04
204,8,0.0,0.01,0.01,0.02,0.0,0.0,0.0,0.0,0.96,0.0
205,5,0.0,0.0,0.0,0.02,0.0,0.91,0.01,0.0,0.01,0.05
206,5,0.0,0.02,0.01,0.01,0.02,0.87,0.03,0.02,0.02,0.0
207,9,0.0,0.0,0.01,0.01,0.0,0.0,0.0,0.0,0.0,0.98
208,7,0.0,0.01,0.0,0.01,0.0,0.0,0.0,0.98,0.0,0.0
209,7,0.0,0.0,0.0,0.0,0.0,0.0,0.0,0.98,0.02,0.0
210,6,0.0,0.0,0.0,0.0,0.0,0.0,1.0,0.0,0.0,0.0
211,8,0.0,0.02,0.05,0.01,0.01,0.0,0.01,0.02,0.83,0.05
212,1,0.0,0.83,0.0,0.01,0.05,0.01,0.01,0.01,0.0,0.08
213,3,0.01,0.0,0.01,0.92,0.0,0.0,0.0,0.02,0.04,0.0
214,5,0.0,0.0,0.0,0.0,0.0,1.0,0.0,0.0,0.0,0.0
215,7,0.05,0.0,0.03,0.02,0.09,0.02,0.0,0.76,0.01,0.02
216,9,0.0,0.02,0.0,0.03,0.0,0.01,0.0,0.0,0.02,0.92
217,5,0.0,0.0,0.01,0.01,0.02,0.9,0.0,0.03,0.02,0.01
218,5,0.02,0.03,0.0,0.02,0.01,0.81,0.0,0.02,0.01,0.08
219,2,0.0,0.06,0.76,0.0,0.04,0.0,0.01,0.03,0.1,0.0
220,1,0.0,0.85,0.0,0.02,0.05,0.01,0.0,0.01,0.04,0.02
221,1,0.0,0.96,0.0,0.0,0.02,0.0,0.0,0.0,0.01,0.01
222,2,0.0,0.05,0.89,0.02,0.0,0.0,0.0,0.0,0.04,0.0
223,2,0.0,0.01,0.99,0.0,0.0,0.0,0.0,0.0,0.0,0.0
224,4,0.12,0.01,0.0,0.0,0.85,0.0,0.02,0.0,0.0,0.0
225,8,0.01,0.01,0.03,0.04,0.03,0.0,0.02,0.01,0.8,0.05
226,7,0.0,0.0,0.0,0.0,0.0,0.0,0.0,1.0,0.0,0.0
227,5,0.0,0.0,0.0,0.0,0.0,0.99,0.0,0.01,0.0,0.0
228,8,0.0,0.04,0.04,0.04,0.0,0.01,0.0,0.0,0.86,0.01
229,8,0.0,0.02,0.02,0.05,0.01,0.01,0.0,0.02,0.86,0.01
230,9,0.01,0.0,0.02,0.04,0.0,0.02,0.01,0.0,0.02,0.88
231,4,0.02,0.0,0.0,0.0,0.95,0.02,0.01,0.0,0.0,0.0
232,9,0.0,0.0,0.0,0.06,0.0,0.0,0.0,0.0,0.0,0.94
233,0,0.99,0.0,0.01,0.0,0.0,0.0,0.0,0.0,0.0,0.0
234,1,0.0,0.91,0.0,0.02,0.02,0.0,0.0,0.0,0.01,0.04
235,1,0.0,0.97,0.01,0.0,0.01,0.0,0.0,0.01,0.0,0.0
236,8,0.0,0.03,0.0,0.0,0.01,0.06,0.0,0.02,0.88,0.0
237,9,0.01,0.03,0.03,0.08,0.01,0.01,0.01,0.0,0.01,0.81
238,3,0.0,0.0,0.0,0.79,0.03,0.03,0.0,0.06,0.06,0.03
239,4,0.0,0.0,0.0,0.0,0.99,0.01,0.0,0.0,0.0,0.0
240,2,0.0,0.05,0.88,0.01,0.0,0.01,0.0,0.01,0.04,0.0
241,9,0.0,0.0,0.0,0.01,0.01,0.01,0.0,0.0,0.01,0.96
242,1,0.0,1.0,0.0,0.0,0.0,0.0,0.0,0.0,0.0,0.0
243,7,0.0,0.0,0.0,0.0,0.0,0.0,0.0,0.99,0.0,0.01
244,3,0.08,0.04,0.01,0.71,0.03,0.01,0.03,0.03,0.02,0.04
245,3,0.01,0.02,0.03,0.89,0.0,0.0,0.0,0.0,0.01,0.04
246,3,0.0,0.0,0.01,0.93,0.0,0.01,0.0,0.01,0.01,0.03
247,1,0.0,0.88,0.06,0.02,0.0,0.0,0.0,0.0,0.03,0.01
248,7,0.0,0.01,0.0,0.0,0.01,0.0,0.0,0.98,0.0,0.0
249,6,0.0,0.0,0.0,0.0,0.0,0.0,1.0,0.0,0.0,0.0
250,3,0.0,0.01,0.01,0.96,0.0,0.0,0.0,0.0,0.02,0.0
251,0,0.99,0.0,0.0,0.0,0.0,0.0,0.01,0.0,0.0,0.0
252,6,0.0,0.0,0.0,0.01,0.01,0.0,0.98,0.0,0.0,0.0
253,5,0.05,0.0,0.0,0.01,0.01,0.92,0.0,0.01,0.0,0.0
254,2,0.0,0.0,1.0,0.0,0.0,0.0,0.0,0.0,0.0,0.0
255,3,0.0,0.02,0.05,0.79,0.01,0.03,0.0,0.03,0.04,0.03
256,5,0.0,0.0,0.0,0.0,0.01,0.95,0.01,0.01,0.0,0.02
257,7,0.0,0.01,0.0,0.01,0.04,0.0,0.0,0.92,0.01,0.01
258,8,0.03,0.0,0.04,0.03,0.0,0.01,0.06,0.0,0.73,0.1
259,0,0.93,0.0,0.0,0.01,0.03,0.02,0.01,0.0,0.0,0.0
260,9,0.0,0.0,0.0,0.04,0.0,0.0,0.0,0.0,0.0,0.96
261,5,0.0,0.03,0.05,0.02,0.0,0.79,0.01,0.03,0.05,0.02
262,2,0.0,0.01,0.82,0.08,0.0,0.02,0.0,0.01,0.03,0.03
263,2,0.02,0.04,0.81,0.0,0.01,0.03,0.01,0.0,0.07,0.01
264,1,0.0,0.98,0.0,0.0,0.01,0.0,0.0,0.01,0.0,0.0
265,4,0.0,0.0,0.0,0.0,0.99,0.0,0.01,0.0,0.0,0.0
266,1,0.0,0.9,0.01,0.0,0.0,0.0,0.0,0.0,0.09,0.0
267,8,0.0,0.01,0.01,0.02,0.0,0.02,0.0,0.0,0.9,0.04
268,2,0.0,0.01,0.9,0.03,0.0,0.01,0.02,0.0,0.03,0.0
269,4,0.0,0.0,0.0,0.0,1.0,0.0,0.0,0.0,0.0,0.0
270,1,0.0,0.9,0.02,0.0,0.0,0.01,0.04,0.0,0.03,0.0
271,6,0.0,0.0,0.0,0.0,0.0,0.0,1.0,0.0,0.0,0.0
272,2,0.0,0.06,0.9,0.0,0.0,0.01,0.01,0.0,0.02,0.0
273,0,0.98,0.0,0.0,0.0,0.0,0.01,0.0,0.01,0.0,0.0
274,8,0.0,0.03,0.0,0.03,0.0,0.0,0.0,0.0,0.94,0.0
275,1,0.0,0.85,0.03,0.01,0.04,0.0,0.0,0.01,0.05,0.01
276,0,0.99,0.0,0.0,0.0,0.0,0.0,0.01,0.0,0.0,0.0
277,6,0.0,0.0,0.0,0.0,0.0,0.01,0.99,0.0,0.0,0.0
278,9,0.0,0.01,0.0,0.0,0.02,0.02,0.0,0.04,0.03,0.88
279,7,0.0,0.01,0.01,0.0,0.01,0.01,0.0,0.94,0.01,0.01
280,7,0.01,0.0,0.03,0.01,0.03,0.09,0.0,0.74,0.04,0.05
281,8,0.0,0.0,0.0,0.01,0.0,0.01,0.0,0.0,0.97,0.01
282,2,0.0,0.0,0.96,0.03,0.0,0.0,0.0,0.0,0.01,0.0
283,3,0.0,0.03,0.04,0.83,0.0,0.02,0.0,0.01,0.07,0.0
284,2,0.0,0.01,0.98,0.0,0.0,0.0,0.0,0.01,0.0,0.0
285,6,0.0,0.0,0.0,0.0,0.0,0.0,1.0,0.0,0.0,0.0
286,9,0.0,0.01,0.0,0.08,0.01,0.03,0.03,0.01,0.03,0.8
287,5,0.02,0.0,0.0,0.01,0.01,0.88,0.0,0.02,0.01,0.05
288,7,0.01,0.0,0.01,0.01,0.0,0.01,0.0,0.95,0.0,0.01
289,1,0.0,0.98,0.01,0.01,0.0,0.0,0.0,0.0,0.0,0.0
290,4,0.01,0.0,0.0,0.0,0.85,0.01,0.03,0.07,0.02,0.01
291,8,0.0,0.0,0.03,0.02,0.01,0.0,0.01,0.0,0.93,0.0
292,1,0.0,0.82,0.02,0.04,0.04,0.0,0.02,0.01,0.04,0.01
293,2,0.0,0.03,0.96,0.0,0.0,0.01,0.0,0.0,0.0,0.0
294,9,0.0,0.03,0.01,0.0,0.0,0.03,0.0,0.01,0.03,0.89
295,3,0.01,0.05,0.06,0.81,0.0,0.02,0.0,0.01,0.04,0.0
296,4,0.0,0.01,0.0,0.0,0.96,0.0,0.01,0.02,0.0,0.0
297,8,0.0,0.02,0.02,0.03,0.0,0.01,0.0,0.0,0.89,0.03
298,4,0.01,0.02,0.0,0.01,0.91,0.02,0.0,0.0,0.0,0.03
299,0,0.99,0.0,0.0,0.0,0.01,0.0,0.0,0.0,0.0,0.0
300,3,0.0,0.04,0.0,0.77,0.0,0.03,0.0,0.05,0.1,0.01
301,5,0.03,0.0,0.0,0.0,0.02,0.86,0.03,0.01,0.02,0.03
302,1,0.0,0.84,0.02,0.02,0.02,0.0,0.0,0.07,0.03,0.0
303,8,0.01,0.0,0.01,0.04,0.0,0.0,0.01,0.02,0.84,0.07
304,1,0.0,0.97,0.0,0.0,0.0,0.0,0.0,0.0,0.02,0.01
305,5,0.0,0.02,0.01,0.02,0.01,0.93,0.0,0.01,0.0,0.0
306,0,0.83,0.0,0.0,0.0,0.03,0.01,0.08,0.0,0.02,0.03
307,3,0.01,0.01,0.04,0.74,0.0,0.0,0.0,0.0,0.0,0.2
308,0,0.99,0.0,0.0,0.0,0.0,0.01,0.0,0.0,0.0,0.0
309,2,0.0,0.0,0.92,0.0,0.0,0.0,0.01,0.0,0.07,0.0
310,4,0.0,0.0,0.0,0.0,1.0,0.0,0.0,0.0,0.0,0.0
311,1,0.0,0.91,0.05,0.01,0.0,0.02,0.01,0.0,0.0,0.0
312,1,0.0,0.88,0.0,0.02,0.0,0.02,0.0,0.01,0.04,0.03
313,0,1.0,0.0,0.0,0.0,0.0,0.0,0.0,0.0,0.0,0.0
314,3,0.0,0.0,0.01,0.94,0.0,0.01,0.0,0.0,0.01,0.03
315,9,0.0,0.0,0.0,0.0,0.0,0.02,0.0,0.0,0.0,0.98
316,2,0.0,0.01,0.97,0.0,0.0,0.02,0.0,0.0,0.0,0.0
317,6,0.01,0.01,0.0,0.01,0.01,0.0,0.94,0.0,0.02,0.0
318,0,0.98,0.0,0.0,0.01,0.0,0.0,0.0,0.0,0.01,0.0
319,4,0.0,0.01,0.01,0.0,0.94,0.01,0.0,0.02,0.01,0.0
320,6,0.0,0.06,0.04,0.0,0.01,0.02,0.85,0.0,0.02,0.0
321,6,0.01,0.01,0.0,0.0,0.0,0.0,0.97,0.0,0.01,0.0
322,5,0.01,0.01,0.0,0.03,0.0,0.78,0.04,0.0,0.05,0.08
323,4,0.03,0.0,0.0,0.0,0.94,0.0,0.01,0.02,0.0,0.0
324,0,0.94,0.0,0.01,0.0,0.03,0.0,0.0,0.01,0.0,0.01
325,3,0.0,0.0,0.01,0.97,0.0,0.01,0.0,0.0,0.0,0.01
326,8,0.0,0.2,0.0,0.01,0.01,0.0,0.0,0.03,0.74,0.01
327,6,0.0,0.01,0.0,0.0,0.01,0.0,0.98,0.0,0.0,0.0
328,6,0.0,0.0,0.0,0.0,0.0,0.0,1.0,0.0,0.0,0.0
329,4,0.02,0.01,0.0,0.0,0.91,0.04,0.01,0.0,0.0,0.01
330,1,0.0,0.91,0.01,0.01,0.0,0.0,0.01,0.03,0.03,0.0
331,5,0.0,0.0,0.01,0.02,0.01,0.89,0.0,0.03,0.04,0.0
332,7,0.0,0.0,0.0,0.01,0.0,0.0,0.0,0.98,0.0,0.01
333,4,0.0,0.01,0.0,0.0,0.93,0.0,0.0,0.05,0.01,0.0
334,0,0.97,0.0,0.0,0.0,0.01,0.0,0.0,0.01,0.0,0.01
335,5,0.02,0.01,0.0,0.02,0.01,0.92,0.0,0.0,0.01,0.01
336,4,0.0,0.02,0.01,0.0,0.92,0.02,0.01,0.0,0.02,0.0
337,8,0.0,0.09,0.0,0.01,0.03,0.0,0.03,0.01,0.81,0.02
338,9,0.07,0.0,0.0,0.03,0.0,0.02,0.0,0.0,0.02,0.86
339,7,0.0,0.0,0.01,0.0,0.0,0.0,0.0,0.99,0.0,0.0
340,0,0.92,0.0,0.0,0.02,0.01,0.0,0.0,0.01,0.01,0.03
341,4,0.01,0.01,0.0,0.01,0.91,0.02,0.0,0.02,0.0,0.02
342,7,0.0,0.0,0.0,0.0,0.0,0.0,0.0,1.0,0.0,0.0
343,6,0.0,0.0,0.01,0.0,0.0,0.0,0.98,0.0,0.01,0.0
344,3,0.0,0.0,0.02,0.84,0.01,0.0,0.01,0.01,0.05,0.06
345,3,0.0,0.0,0.0,0.98,0.0,0.0,0.0,0.0,0.0,0.02
346,4,0.01,0.06,0.0,0.0,0.91,0.0,0.0,0.01,0.01,0.0
347,8,0.02,0.08,0.04,0.0,0.02,0.0,0.01,0.01,0.81,0.01
348,8,0.01,0.0,0.0,0.03,0.01,0.04,0.01,0.0,0.86,0.04
349,1,0.0,0.95,0.01,0.03,0.0,0.01,0.0,0.0,0.0,0.0
350,6,0.0,0.02,0.0,0.0,0.0,0.0,0.98,0.0,0.0,0.0
351,5,0.01,0.0,0.0,0.02,0.0,0.89,0.01,0.0,0.05,0.02
352,9,0.0,0.0,0.0,0.03,0.0,0.05,0.0,0.0,0.0,0.92
353,3,0.0,0.0,0.03,0.89,0.0,0.02,0.01,0.0,0.02,0.03
354,2,0.0,0.01,0.96,0.0,0.0,0.0,0.0,0.0,0.03,0.0
355,2,0.0,0.0,0.94,0.03,0.0,0.01,0.0,0.0,0.02,0.0
356,1,0.0,0.97,0.01,0.0,0.0,0.02,0.0,0.0,0.0,0.0
357,8,0.0,0.01,0.03,0.01,0.01,0.01,0.01,0.0,0.89,0.03
358,2,0.0,0.0,0.99,0.0,0.0,0.0,0.0,0.0,0.01,0.0
359,7,0.01,0.0,0.0,0.02,0.02,0.04,0.0,0.84,0.0,0.07
360,6,0.01,0.0,0.0,0.0,0.0,0.0,0.98,0.0,0.01,0.0
361,0,0.98,0.0,0.01,0.0,0.0,0.0,0.0,0.0,0.01,0.0
362,4,0.01,0.04,0.0,0.0,0.91,0.0,0.01,0.01,0.02,0.0
363,3,0.0,0.04,0.08,0.7,0.0,0.0,0.01,0.0,0.09,0.08
364,0,1.0,0.0,0.0,0.0,0.0,0.0,0.0,0.0,0.0,0.0
365,8,0.0,0.02,0.02,0.02,0.01,0.03,0.0,0.01,0.84,0.05
366,2,0.0,0.0,0.88,0.01,0.0,0.0,0.0,0.01,0.1,0.0
367,6,0.0,0.0,0.0,0.0,0.0,0.0,1.0,0.0,0.0,0.0
368,2,0.01,0.03,0.8,0.01,0.01,0.0,0.01,0.03,0.09,0.01
369,1,0.0,0.94,0.0,0.02,0.0,0.0,0.0,0.01,0.01,0.02
370,6,0.01,0.0,0.0,0.0,0.04,0.0,0.93,0.0,0.01,0.01
371,3,0.0,0.02,0.02,0.88,0.0,0.01,0.0,0.0,0.06,0.01
372,8,0.03,0.0,0.0,0.0,0.0,0.04,0.06,0.0,0.83,0.04
373,2,0.0,0.03,0.82,0.04,0.0,0.0,0.0,0.02,0.07,0.02
374,6,0.0,0.03,0.0,0.02,0.01,0.01,0.93,0.0,0.0,0.0
375,7,0.0,0.01,0.01,0.02,0.01,0.0,0.0,0.95,0.0,0.0
376,5,0.02,0.03,0.02,0.04,0.0,0.7,0.01,0.01,0.1,0.07
377,5,0.06,0.0,0.0,0.0,0.01,0.85,0.0,0.02,0.0,0.06
378,6,0.02,0.0,0.0,0.0,0.0,0.0,0.97,0.0,0.0,0.01
379,9,0.0,0.01,0.02,0.06,0.01,0.0,0.0,0.02,0.01,0.87
380,1,0.0,0.95,0.02,0.0,0.0,0.0,0.01,0.0,0.02,0.0
381,8,0.0,0.01,0.01,0.05,0.0,0.01,0.0,0.0,0.88,0.04
382,9,0.0,0.0,0.0,0.01,0.0,0.04,0.0,0.0,0.01,0.94
383,4,0.04,0.02,0.01,0.01,0.91,0.0,0.01,0.0,0.0,0.0
384,6,0.0,0.0,0.0,0.0,0.0,0.0,0.99,0.0,0.0,0.01
385,4,0.0,0.0,0.0,0.0,1.0,0.0,0.0,0.0,0.0,0.0
386,6,0.0,0.01,0.0,0.0,0.0,0.0,0.99,0.0,0.0,0.0
387,1,0.0,0.88,0.0,0.0,0.0,0.0,0.0,0.01,0.0,0.11
388,4,0.0,0.0,0.0,0.0,0.99,0.0,0.01,0.0,0.0,0.0
389,0,1.0,0.0,0.0,0.0,0.0,0.0,0.0,0.0,0.0,0.0
390,2,0.0,0.02,0.9,0.05,0.0,0.0,0.0,0.02,0.0,0.01
391,9,0.0,0.01,0.0,0.01,0.05,0.05,0.01,0.06,0.03,0.78
392,8,0.0,0.0,0.0,0.05,0.01,0.02,0.0,0.04,0.88,0.0
393,6,0.0,0.0,0.0,0.0,0.0,0.0,1.0,0.0,0.0,0.0
394,0,0.99,0.0,0.0,0.0,0.01,0.0,0.0,0.0,0.0,0.0
395,6,0.0,0.01,0.01,0.0,0.01,0.01,0.96,0.0,0.0,0.0
396,5,0.0,0.0,0.0,0.02,0.01,0.96,0.0,0.0,0.01,0.0
397,6,0.0,0.0,0.0,0.0,0.0,0.0,1.0,0.0,0.0,0.0
398,9,0.0,0.0,0.01,0.02,0.02,0.04,0.0,0.09,0.02,0.8
399,0,0.95,0.0,0.01,0.0,0.01,0.0,0.0,0.02,0.01,0.0
400,3,0.0,0.01,0.0,0.98,0.0,0.0,0.0,0.0,0.0,0.01
401,5,0.02,0.01,0.0,0.0,0.13,0.78,0.01,0.01,0.0,0.04
402,6,0.01,0.0,0.0,0.0,0.0,0.03,0.95,0.0,0.01,0.0
403,7,0.0,0.0,0.0,0.0,0.0,0.0,0.0,0.98,0.01,0.01
404,4,0.01,0.0,0.0,0.0,0.97,0.0,0.01,0.01,0.0,0.0
405,3,0.0,0.02,0.02,0.87,0.0,0.01,0.01,0.01,0.05,0.01
406,0,0.97,0.0,0.0,0.0,0.01,0.0,0.0,0.01,0.0,0.01
407,9,0.0,0.02,0.0,0.02,0.01,0.05,0.0,0.04,0.01,0.85
408,2,0.0,0.01,0.94,0.0,0.0,0.01,0.01,0.01,0.01,0.01
409,0,0.9,0.0,0.0,0.0,0.0,0.02,0.04,0.0,0.02,0.02
410,8,0.01,0.02,0.0,0.01,0.05,0.01,0.03,0.11,0.73,0.03
411,1,0.02,0.77,0.0,0.01,0.06,0.02,0.01,0.01,0.03,0.07
412,2,0.0,0.04,0.88,0.04,0.0,0.0,0.0,0.0,0.02,0.02
413,7,0.0,0.01,0.01,0.02,0.0,0.01,0.0,0.94,0.01,0.0
414,0,1.0,0.0,0.0,0.0,0.0,0.0,0.0,0.0,0.0,0.0
415,7,0.0,0.0,0.0,0.0,0.03,0.0,0.0,0.97,0.0,0.0
416,0,0.97,0.0,0.0,0.0,0.0,0.01,0.0,0.0,0.01,0.01
417,7,0.0,0.0,0.0,0.0,0.0,0.0,0.0,1.0,0.0,0.0
418,3,0.0,0.0,0.0,0.99,0.0,0.0,0.0,0.0,0.0,0.01
419,6,0.0,0.02,0.0,0.0,0.0,0.0,0.98,0.0,0.0,0.0
420,3,0.0,0.0,0.01,0.98,0.0,0.0,0.0,0.01,0.0,0.0
421,4,0.0,0.0,0.0,0.01,0.96,0.02,0.01,0.0,0.0,0.0
422,9,0.0,0.01,0.01,0.02,0.0,0.0,0.0,0.0,0.01,0.95
423,2,0.0,0.1,0.83,0.0,0.02,0.01,0.01,0.0,0.03,0.0
424,4,0.0,0.05,0.0,0.0,0.88,0.0,0.06,0.0,0.01,0.0
425,3,0.02,0.02,0.04,0.85,0.0,0.03,0.0,0.0,0.03,0.01
426,4,0.0,0.01,0.0,0.0,0.86,0.01,0.0,0.08,0.01,0.03
427,9,0.01,0.03,0.0,0.04,0.0,0.02,0.01,0.0,0.03,0.86
428,6,0.0,0.01,0.0,0.0,0.0,0.0,0.99,0.0,0.0,0.0
429,6,0.0,0.0,0.0,0.0,0.01,0.01,0.98,0.0,0.0,0.0
430,2,0.0,0.01,0.91,0.02,0.0,0.01,0.0,0.0,0.03,0.02
431,7,0.0,0.0,0.02,0.05,0.01,0.0,0.0,0.91,0.01,0.0
432,8,0.0,0.05,0.0,0.03,0.0,0.01,0.0,0.0,0.91,0.0
433,5,0.04,0.0,0.0,0.02,0.0,0.79,0.02,0.01,0.0,0.12
434,3,0.0,0.02,0.02,0.6,0.01,0.04,0.0,0.15,0.09,0.07
435,3,0.0,0.0,0.03,0.95,0.0,0.01,0.0,0.0,0.0,0.01
436,3,0.0,0.0,0.0,0.91,0.0,0.02,0.0,0.0,0.0,0.07
437,5,0.0,0.0,0.0,0.04,0.01,0.91,0.0,0.0,0.02,0.02
438,1,0.0,0.98,0.01,0.0,0.0,0.0,0.0,0.0,0.01,0.0
439,9,0.0,0.0,0.01,0.02,0.0,0.0,0.01,0.0,0.0,0.96
440,6,0.0,0.01,0.02,0.0,0.04,0.01,0.86,0.0,0.05,0.01
441,5,0.05,0.0,0.0,0.0,0.0,0.91,0.01,0.0,0.0,0.03
442,8,0.01,0.0,0.01,0.01,0.0,0.01,0.05,0.0,0.85,0.06
443,2,0.0,0.07,0.78,0.04,0.0,0.01,0.01,0.0,0.08,0.01
444,0,1.0,0.0,0.0,0.0,0.0,0.0,0.0,0.0,0.0,0.0
445,7,0.0,0.0,0.0,0.0,0.0,0.0,0.0,1.0,0.0,0.0
446,3,0.01,0.01,0.01,0.77,0.01,0.01,0.01,0.0,0.04,0.13
447,9,0.0,0.01,0.0,0.0,0.02,0.01,0.0,0.07,0.06,0.83
448,6,0.0,0.06,0.02,0.0,0.05,0.0,0.84,0.0,0.03,0.0
449,7,0.0,0.0,0.0,0.0,0.0,0.0,0.0,0.99,0.0,0.01
450,2,0.0,0.04,0.71,0.0,0.04,0.02,0.0,0.13,0.02,0.04
451,1,0.0,0.96,0.0,0.0,0.0,0.0,0.0,0.01,0.03,0.0
452,0,1.0,0.0,0.0,0.0,0.0,0.0,0.0,0.0,0.0,0.0
453,1,0.0,0.83,0.01,0.02,0.0,0.0,0.03,0.01,0.1,0.0
454,4,0.0,0.02,0.0,0.0,0.95,0.0,0.02,0.0,0.01,0.0
455,3,0.0,0.0,0.0,1.0,0.0,0.0,0.0,0.0,0.0,0.0
456,2,0.0,0.0,0.94,0.02,0.0,0.01,0.0,0.0,0.01,0.02
457,2,0.0,0.05,0.87,0.03,0.0,0.0,0.02,0.0,0.02,0.01
458,5,0.0,0.01,0.0,0.0,0.0,0.97,0.0,0.01,0.01,0.0
459,3,0.0,0.01,0.04,0.8,0.0,0.01,0.0,0.0,0.1,0.04
460,3,0.0,0.0,0.02,0.89,0.0,0.01,0.0,0.0,0.03,0.05
461,3,0.0,0.03,0.09,0.75,0.01,0.0,0.0,0.05,0.07,0.0
462,3,0.0,0.02,0.0,0.96,0.0,0.0,0.0,0.0,0.01,0.01
463,8,0.0,0.07,0.03,0.01,0.0,0.04,0.02,0.0,0.82,0.01
464,0,0.97,0.0,0.01,0.0,0.0,0.0,0.0,0.0,0.02,0.0
465,7,0.03,0.0,0.0,0.0,0.07,0.05,0.0,0.83,0.0,0.02
466,6,0.01,0.0,0.01,0.0,0.0,0.0,0.97,0.0,0.01,0.0
467,5,0.0,0.05,0.0,0.15,0.0,0.63,0.0,0.0,0.01,0.16
468,7,0.0,0.0,0.0,0.0,0.0,0.0,0.0,1.0,0.0,0.0
469,9,0.0,0.01,0.0,0.08,0.02,0.04,0.0,0.01,0.13,0.71
470,4,0.0,0.03,0.0,0.0,0.96,0.01,0.0,0.0,0.0,0.0
471,9,0.01,0.0,0.0,0.05,0.0,0.02,0.0,0.0,0.0,0.92
472,6,0.01,0.0,0.01,0.0,0.0,0.0,0.94,0.01,0.02,0.01
473,8,0.01,0.17,0.0,0.0,0.0,0.0,0.0,0.0,0.81,0.01
474,4,0.01,0.0,0.0,0.0,0.95,0.01,0.01,0.0,0.02,0.0
475,6,0.0,0.0,0.0,0.0,0.0,0.0,1.0,0.0,0.0,0.0
476,7,0.01,0.01,0.0,0.0,0.01,0.03,0.0,0.91,0.01,0.02
477,1,0.0,0.99,0.0,0.0,0.01,0.0,0.0,0.0,0.0,0.0
478,8,0.01,0.02,0.0,0.06,0.01,0.01,0.0,0.0,0.89,0.0
479,6,0.15,0.0,0.0,0.0,0.1,0.04,0.66,0.02,0.03,0.0
480,8,0.0,0.0,0.01,0.03,0.0,0.01,0.02,0.02,0.85,0.06
481,3,0.0,0.01,0.0,0.91,0.0,0.01,0.0,0.0,0.04,0.03
482,6,0.0,0.01,0.02,0.0,0.0,0.0,0.96,0.0,0.0,0.01
483,0,1.0,0.0,0.0,0.0,0.0,0.0,0.0,0.0,0.0,0.0
484,2,0.0,0.0,0.97,0.02,0.0,0.0,0.0,0.0,0.01,0.0
485,8,0.0,0.14,0.03,0.0,0.0,0.02,0.0,0.01,0.8,0.0
486,3,0.01,0.0,0.01,0.95,0.0,0.01,0.0,0.01,0.01,0.0
487,6,0.01,0.01,0.01,0.0,0.02,0.02,0.9,0.0,0.02,0.01
488,1,0.0,0.92,0.0,0.0,0.0,0.0,0.0,0.01,0.07,0.0
489,1,0.01,0.92,0.01,0.0,0.04,0.01,0.0,0.0,0.01,0.0
490,5,0.02,0.0,0.01,0.0,0.0,0.93,0.02,0.01,0.01,0.0
491,2,0.0,0.04,0.92,0.01,0.0,0.01,0.0,0.0,0.01,0.01
492,8,0.0,0.0,0.03,0.01,0.03,0.0,0.0,0.15,0.76,0.02
493,5,0.0,0.0,0.0,0.0,0.0,0.99,0.0,0.0,0.01,0.0
494,9,0.02,0.01,0.0,0.04,0.01,0.03,0.0,0.02,0.01,0.86
495,6,0.02,0.01,0.02,0.05,0.0,0.0,0.89,0.0,0.0,0.01
496,1,0.0,0.97,0.02,0.0,0.0,0.0,0.0,0.0,0.01,0.0
497,6,0.0,0.0,0.0,0.0,0.0,0.0,1.0,0.0,0.0,0.0
498,3,0.0,0.0,0.01,0.98,0.0,0.0,0.0,0.0,0.0,0.01
499,5,0.0,0.0,0.0,0.0,0.0,0.98,0.0,0.0,0.02,0.0
500,1,0.0,0.93,0.0,0.02,0.0,0.01,0.03,0.0,0.01,0.0
501,5,0.0,0.0,0.0,0.0,0.0,0.99,0.0,0.0,0.0,0.01
502,4,0.03,0.0,0.0,0.0,0.92,0.01,0.03,0.0,0.01,0.0
503,8,0.01,0.0,0.01,0.0,0.0,0.01,0.01,0.01,0.94,0.01
504,9,0.02,0.0,0.0,0.07,0.0,0.07,0.0,0.0,0.08,0.76
505,0,0.91,0.0,0.01,0.01,0.01,0.03,0.01,0.01,0.0,0.01
506,1,0.0,0.96,0.0,0.0,0.01,0.0,0.01,0.0,0.02,0.0
507,7,0.0,0.01,0.0,0.0,0.0,0.0,0.0,0.99,0.0,0.0
508,1,0.0,0.83,0.01,0.02,0.03,0.03,0.0,0.02,0.04,0.02
509,2,0.01,0.01,0.94,0.02,0.0,0.0,0.0,0.0,0.01,0.01
510,9,0.0,0.0,0.0,0.03,0.01,0.1,0.02,0.0,0.04,0.8
511,8,0.0,0.0,0.0,0.0,0.01,0.01,0.02,0.0,0.92,0.04
512,3,0.0,0.04,0.04,0.83,0.0,0.02,0.0,0.0,0.02,0.05
513,1,0.0,0.91,0.0,0.0,0.04,0.0,0.0,0.01,0.03,0.01
514,4,0.0,0.01,0.01,0.01,0.95,0.0,0.0,0.01,0.0,0.01
515,3,0.0,0.0,0.04,0.93,0.0,0.01,0.0,0.0,0.01,0.01
516,5,0.0,0.0,0.0,0.0,0.0,0.97,0.0,0.0,0.02,0.01
517,6,0.0,0.03,0.0,0.0,0.0,0.0,0.95,0.0,0.02,0.0
518,6,0.0,0.0,0.01,0.0,0.01,0.0,0.98,0.0,0.0,0.0
519,7,0.0,0.01,0.03,0.0,0.02,0.01,0.0,0.87,0.03,0.03
520,3,0.0,0.0,0.0,0.86,0.0,0.02,0.0,0.0,0.06,0.06
521,4,0.03,0.01,0.0,0.0,0.88,0.0,0.05,0.02,0.01,0.0
522,7,0.0,0.05,0.0,0.01,0.02,0.01,0.0,0.88,0.03,0.0
523,7,0.0,0.0,0.02,0.01,0.01,0.0,0.01,0.93,0.02,0.0
524,4,0.0,0.06,0.0,0.01,0.91,0.0,0.0,0.0,0.02,0.0
525,0,0.95,0.01,0.0,0.01,0.0,0.0,0.01,0.0,0.0,0.02
526,5,0.0,0.03,0.0,0.01,0.01,0.86,0.0,0.04,0.04,0.01
527,6,0.0,0.01,0.0,0.0,0.0,0.0,0.99,0.0,0.0,0.0
528,6,0.03,0.0,0.0,0.0,0.01,0.02,0.94,0.0,0.0,0.0
529,1,0.0,0.92,0.0,0.0,0.04,0.0,0.0,0.01,0.03,0.0
530,8,0.0,0.06,0.03,0.01,0.03,0.0,0.0,0.02,0.85,0.0
531,6,0.01,0.0,0.0,0.0,0.0,0.0,0.99,0.0,0.0,0.0
532,2,0.0,0.01,0.94,0.04,0.0,0.0,0.0,0.0,0.0,0.01
533,9,0.01,0.02,0.0,0.03,0.02,0.09,0.0,0.03,0.04,0.76
534,8,0.0,0.07,0.04,0.04,0.0,0.02,0.0,0.01,0.8,0.02
535,1,0.0,0.98,0.0,0.0,0.01,0.01,0.0,0.0,0.0,0.0
536,8,0.0,0.0,0.03,0.0,0.01,0.01,0.02,0.02,0.89,0.02
537,5,0.0,0.0,0.0,0.01,0.0,0.93,0.01,0.0,0.02,0.03
538,2,0.0,0.02,0.81,0.05,0.01,0.0,0.02,0.01,0.07,0.01
539,4,0.04,0.0,0.0,0.0,0.89,0.02,0.02,0.0,0.01,0.02
540,9,0.0,0.0,0.01,0.03,0.01,0.0,0.0,0.0,0.03,0.92
541,5,0.0,0.01,0.0,0.0,0.0,0.96,0.0,0.01,0.01,0.01
542,9,0.01,0.0,0.01,0.0,0.0,0.03,0.02,0.01,0.02,0.9
543,7,0.0,0.0,0.0,0.0,0.01,0.0,0.0,0.99,0.0,0.0
544,6,0.0,0.04,0.01,0.01,0.0,0.01,0.91,0.0,0.02,0.0
545,5,0.0,0.01,0.0,0.04,0.0,0.93,0.01,0.0,0.0,0.01
546,6,0.01,0.01,0.0,0.0,0.0,0.0,0.97,0.0,0.01,0.0
547,5,0.01,0.0,0.0,0.02,0.0,0.93,0.0,0.01,0.02,0.01
548,6,0.03,0.01,0.0,0.0,0.01,0.04,0.87,0.0,0.04,0.0
549,2,0.0,0.02,0.86,0.0,0.01,0.0,0.01,0.01,0.09,0.0
550,6,0.0,0.01,0.0,0.0,0.0,0.0,0.99,0.0,0.0,0.0
551,8,0.02,0.01,0.01,0.05,0.01,0.03,0.02,0.01,0.75,0.09
552,0,1.0,0.0,0.0,0.0,0.0,0.0,0.0,0.0,0.0,0.0
553,2,0.0,0.0,0.97,0.02,0.0,0.0,0.0,0.0,0.01,0.0
554,3,0.0,0.0,0.01,0.88,0.01,0.04,0.01,0.0,0.0,0.05
555,9,0.0,0.02,0.0,0.01,0.03,0.02,0.0,0.04,0.02,0.86
556,7,0.0,0.0,0.0,0.01,0.04,0.0,0.0,0.94,0.01,0.0
557,5,0.0,0.01,0.0,0.02,0.0,0.92,0.0,0.0,0.0,0.05
558,1,0.0,0.79,0.02,0.05,0.04,0.0,0.0,0.03,0.07,0.0
559,1,0.0,0.9,0.02,0.0,0.02,0.0,0.0,0.01,0.04,0.01
560,7,0.01,0.05,0.01,0.03,0.06,0.02,0.0,0.77,0.03,0.02
561,1,0.0,0.8,0.03,0.05,0.01,0.02,0.01,0.02,0.03,0.03
562,9,0.01,0.0,0.0,0.01,0.02,0.01,0.0,0.0,0.03,0.92
563,6,0.01,0.05,0.0,0.0,0.03,0.02,0.82,0.0,0.06,0.01
564,9,0.0,0.01,0.0,0.0,0.0,0.01,0.0,0.0,0.01,0.97
565,8,0.0,0.07,0.04,0.06,0.0,0.01,0.01,0.02,0.79,0.0
566,5,0.0,0.0,0.0,0.01,0.0,0.99,0.0,0.0,0.0,0.0
567,0,0.92,0.0,0.01,0.0,0.07,0.0,0.0,0.0,0.0,0.0
568,3,0.01,0.05,0.02,0.77,0.0,0.03,0.0,0.02,0.06,0.04
569,2,0.11,0.0,0.75,0.03,0.0,0.0,0.01,0.03,0.01,0.06
570,3,0.0,0.0,0.0,0.97,0.0,0.0,0.0,0.01,0.02,0.0
571,7,0.0,0.0,0.0,0.0,0.01,0.0,0.0,0.99,0.0,0.0
572,7,0.0,0.0,0.01,0.01,0.03,0.0,0.0,0.9,0.01,0.04
573,0,1.0,0.0,0.0,0.0,0.0,0.0,0.0,0.0,0.0,0.0
574,7,0.0,0.02,0.0,0.0,0.0,0.0,0.0,0.98,0.0,0.0
575,5,0.01,0.0,0.0,0.0,0.01,0.94,0.01,0.0,0.03,0.0
576,1,0.0,0.89,0.02,0.01,0.01,0.0,0.0,0.01,0.06,0.0
577,1,0.0,0.94,0.0,0.0,0.0,0.0,0.04,0.0,0.02,0.0
578,1,0.0,0.95,0.0,0.0,0.0,0.01,0.0,0.01,0.01,0.02
579,4,0.04,0.0,0.0,0.0,0.91,0.01,0.04,0.0,0.0,0.0
580,6,0.0,0.03,0.03,0.0,0.0,0.02,0.9,0.0,0.0,0.02
581,1,0.0,0.97,0.0,0.0,0.01,0.01,0.0,0.0,0.01,0.0
582,0,0.94,0.0,0.0,0.0,0.02,0.01,0.02,0.0,0.0,0.01
583,4,0.01,0.06,0.01,0.01,0.85,0.0,0.04,0.0,0.02,0.0
584,3,0.0,0.0,0.01,0.98,0.0,0.0,0.0,0.0,0.01,0.0
585,5,0.0,0.03,0.02,0.08,0.02,0.68,0.0,0.03,0.04,0.1
586,9,0.0,0.0,0.0,0.03,0.0,0.02,0.0,0.0,0.01,0.94
587,7,0.0,0.0,0.0,0.01,0.01,0.01,0.0,0.97,0.0,0.0
588,7,0.0,0.0,0.0,0.0,0.0,0.0,0.0,0.99,0.0,0.01
589,0,0.92,0.0,0.0,0.0,0.05,0.03,0.0,0.0,0.0,0.0
590,7,0.01,0.02,0.06,0.01,0.02,0.05,0.01,0.77,0.01,0.04
591,0,1.0,0.0,0.0,0.0,0.0,0.0,0.0,0.0,0.0,0.0
592,6,0.01,0.11,0.02,0.0,0.01,0.0,0.69,0.0,0.08,0.08
593,2,0.0,0.15,0.8,0.01,0.0,0.0,0.0,0.03,0.0,0.01
594,9,0.0,0.0,0.01,0.07,0.0,0.01,0.0,0.0,0.0,0.91
595,6,0.0,0.0,0.0,0.0,0.0,0.0,1.0,0.0,0.0,0.0
596,3,0.0,0.0,0.0,0.95,0.0,0.0,0.0,0.0,0.01,0.04
597,3,0.0,0.0,0.05,0.88,0.0,0.0,0.0,0.0,0.03,0.04
598,7,0.0,0.03,0.01,0.01,0.04,0.01,0.0,0.85,0.02,0.03
599,6,0.0,0.0,0.0,0.0,0.0,0.0,1.0,0.0,0.0,0.0
600,9,0.0,0.01,0.03,0.04,0.0,0.0,0.0,0.0,0.01,0.91
601,5,0.01,0.0,0.0,0.0,0.0,0.98,0.0,0.0,0.01,0.0
602,4,0.0,0.0,0.0,0.0,0.99,0.01,0.0,0.0,0.0,0.0
603,2,0.0,0.0,0.91,0.02,0.0,0.01,0.02,0.0,0.03,0.01
604,7,0.0,0.0,0.01,0.0,0.0,0.01,0.0,0.98,0.0,0.0
605,4,0.0,0.01,0.0,0.0,0.89,0.01,0.0,0.01,0.04,0.04
606,9,0.01,0.0,0.0,0.03,0.0,0.0,0.01,0.0,0.01,0.94
607,4,0.0,0.0,0.0,0.0,0.88,0.01,0.01,0.06,0.02,0.02
608,0,0.97,0.0,0.0,0.0,0.0,0.0,0.03,0.0,0.0,0.0
609,9,0.0,0.0,0.0,0.0,0.0,0.02,0.0,0.0,0.0,0.98
610,2,0.0,0.0,0.99,0.01,0.0,0.0,0.0,0.0,0.0,0.0
611,7,0.0,0.0,0.0,0.0,0.03,0.01,0.0,0.89,0.05,0.02
612,4,0.0,0.0,0.0,0.0,1.0,0.0,0.0,0.0,0.0,0.0
613,5,0.0,0.0,0.0,0.0,0.0,0.95,0.02,0.0,0.0,0.03
614,3,0.0,0.0,0.0,0.99,0.0,0.0,0.0,0.0,0.01,0.0
615,3,0.0,0.0,0.0,1.0,0.0,0.0,0.0,0.0,0.0,0.0
616,4,0.03,0.0,0.0,0.0,0.96,0.0,0.01,0.0,0.0,0.0
617,9,0.0,0.02,0.05,0.16,0.0,0.0,0.0,0.0,0.01,0.76
618,0,0.97,0.01,0.0,0.0,0.0,0.01,0.01,0.0,0.0,0.0
619,8,0.0,0.01,0.03,0.01,0.01,0.01,0.0,0.0,0.88,0.05
620,6,0.0,0.0,0.0,0.0,0.0,0.0,0.99,0.0,0.01,0.0
621,4,0.0,0.04,0.01,0.0,0.94,0.0,0.0,0.0,0.01,0.0
622,4,0.01,0.03,0.0,0.0,0.9,0.0,0.02,0.02,0.02,0.0
623,0,0.97,0.0,0.01,0.0,0.0,0.0,0.0,0.02,0.0,0.0
624,2,0.0,0.0,1.0,0.0,0.0,0.0,0.0,0.0,0.0,0.0
625,3,0.0,0.01,0.0,0.99,0.0,0.0,0.0,0.0,0.0,0.0
626,9,0.01,0.03,0.02,0.05,0.04,0.1,0.02,0.05,0.05,0.63
627,3,0.01,0.0,0.02,0.83,0.0,0.02,0.0,0.0,0.01,0.11
628,3,0.0,0.0,0.0,0.97,0.0,0.0,0.0,0.0,0.02,0.01
629,3,0.0,0.0,0.0,1.0,0.0,0.0,0.0,0.0,0.0,0.0
630,4,0.01,0.03,0.0,0.02,0.84,0.02,0.02,0.01,0.0,0.05
631,8,0.01,0.01,0.02,0.04,0.02,0.01,0.0,0.01,0.85,0.03
632,5,0.0,0.05,0.01,0.0,0.01,0.85,0.0,0.02,0.06,0.0
633,7,0.0,0.0,0.0,0.0,0.0,0.0,0.0,1.0,0.0,0.0
634,4,0.02,0.0,0.0,0.0,0.96,0.0,0.0,0.02,0.0,0.0
635,0,0.96,0.01,0.0,0.0,0.0,0.03,0.0,0.0,0.0,0.0
636,4,0.02,0.0,0.0,0.0,0.92,0.05,0.0,0.01,0.0,0.0
637,9,0.0,0.01,0.03,0.03,0.0,0.09,0.0,0.0,0.15,0.69
638,5,0.0,0.03,0.0,0.04,0.02,0.83,0.06,0.01,0.01,0.0
639,0,0.95,0.0,0.01,0.0,0.0,0.01,0.01,0.0,0.01,0.01
640,1,0.0,0.92,0.0,0.0,0.02,0.0,0.0,0.02,0.03,0.01
641,4,0.01,0.0,0.0,0.0,0.75,0.0,0.0,0.19,0.0,0.05
642,9,0.0,0.01,0.09,0.15,0.01,0.02,0.0,0.0,0.05,0.67
643,5,0.0,0.0,0.0,0.01,0.0,0.98,0.0,0.01,0.0,0.0
644,2,0.0,0.01,0.89,0.08,0.0,0.0,0.0,0.0,0.02,0.0
645,7,0.0,0.02,0.0,0.0,0.07,0.02,0.01,0.88,0.0,0.0
646,1,0.0,0.94,0.0,0.0,0.0,0.0,0.0,0.02,0.0,0.04
647,9,0.0,0.0,0.0,0.04,0.0,0.02,0.0,0.0,0.01,0.93
648,4,0.0,0.02,0.01,0.0,0.88,0.01,0.02,0.05,0.01,0.0
649,8,0.0,0.01,0.0,0.06,0.0,0.0,0.0,0.0,0.88,0.05
650,2,0.0,0.0,0.98,0.02,0.0,0.0,0.0,0.0,0.0,0.0
651,4,0.02,0.05,0.0,0.0,0.86,0.01,0.01,0.01,0.03,0.01
652,1,0.0,0.84,0.02,0.0,0.0,0.0,0.01,0.01,0.11,0.01
653,9,0.0,0.0,0.01,0.01,0.06,0.01,0.0,0.14,0.07,0.7
654,8,0.0,0.0,0.04,0.01,0.02,0.02,0.0,0.01,0.85,0.05
655,8,0.0,0.01,0.02,0.05,0.0,0.0,0.01,0.0,0.91,0.0
656,7,0.0,0.01,0.0,0.0,0.0,0.0,0.0,0.99,0.0,0.0
657,8,0.05,0.01,0.05,0.09,0.03,0.0,0.05,0.01,0.67,0.04
658,0,0.84,0.0,0.0,0.0,0.05,0.07,0.04,0.0,0.0,0.0
659,2,0.0,0.0,0.97,0.0,0.0,0.01,0.0,0.0,0.02,0.0
660,1,0.0,0.93,0.0,0.0,0.01,0.01,0.0,0.0,0.03,0.02
661,9,0.0,0.0,0.0,0.04,0.0,0.01,0.0,0.0,0.0,0.95
662,9,0.0,0.0,0.01,0.05,0.0,0.0,0.0,0.0,0.0,0.94
663,3,0.0,0.01,0.01,0.96,0.0,0.0,0.0,0.0,0.0,0.02
664,5,0.0,0.0,0.0,0.01,0.0,0.89,0.0,0.0,0.0,0.1
665,0,0.99,0.0,0.0,0.0,0.0,0.0,0.0,0.01,0.0,0.0
666,7,0.0,0.0,0.0,0.0,0.0,0.0,0.0,1.0,0.0,0.0
667,5,0.0,0.0,0.0,0.0,0.0,1.0,0.0,0.0,0.0,0.0
668,8,0.0,0.08,0.0,0.01,0.0,0.0,0.0,0.02,0.89,0.0
669,3,0.0,0.0,0.01,0.83,0.0,0.07,0.01,0.01,0.02,0.05
670,3,0.0,0.04,0.06,0.76,0.0,0.06,0.0,0.0,0.03,0.05
671,6,0.0,0.0,0.0,0.0,0.02,0.0,0.98,0.0,0.0,0.0
672,6,0.0,0.0,0.0,0.0,0.0,0.0,0.99,0.0,0.0,0.01
673,4,0.0,0.03,0.0,0.0,0.93,0.02,0.01,0.01,0.0,0.0
674,3,0.0,0.01,0.0,0.89,0.0,0.03,0.0,0.01,0.04,0.02
675,3,0.0,0.04,0.03,0.81,0.03,0.05,0.0,0.01,0.03,0.0
676,6,0.06,0.02,0.01,0.0,0.03,0.02,0.83,0.0,0.03,0.0
677,5,0.0,0.0,0.0,0.01,0.01,0.96,0.0,0.0,0.01,0.01
678,0,1.0,0.0,0.0,0.0,0.0,0.0,0.0,0.0,0.0,0.0
679,5,0.0,0.02,0.0,0.02,0.0,0.87,0.02,0.01,0.05,0.01
680,6,0.0,0.0,0.01,0.0,0.0,0.0,0.99,0.0,0.0,0.0
681,6,0.0,0.0,0.0,0.01,0.01,0.0,0.97,0.0,0.01,0.0
682,3,0.0,0.0,0.0,0.9,0.0,0.0,0.01,0.0,0.02,0.07
683,8,0.0,0.01,0.01,0.01,0.02,0.02,0.0,0.05,0.83,0.05
684,1,0.0,0.95,0.0,0.0,0.01,0.0,0.0,0.0,0.03,0.01
685,9,0.01,0.01,0.01,0.02,0.02,0.02,0.0,0.01,0.07,0.83
686,2,0.0,0.0,0.94,0.01,0.0,0.01,0.0,0.01,0.03,0.0
687,6,0.0,0.01,0.0,0.0,0.01,0.0,0.98,0.0,0.0,0.0
688,2,0.0,0.02,0.98,0.0,0.0,0.0,0.0,0.0,0.0,0.0
689,1,0.0,0.82,0.01,0.0,0.09,0.02,0.0,0.03,0.02,0.01
690,1,0.0,0.91,0.0,0.0,0.02,0.0,0.0,0.0,0.07,0.0
691,0,0.97,0.0,0.0,0.0,0.0,0.01,0.01,0.0,0.01,0.0
692,5,0.0,0.0,0.0,0.0,0.0,0.99,0.0,0.01,0.0,0.0
693,6,0.0,0.0,0.0,0.01,0.02,0.0,0.97,0.0,0.0,0.0
694,7,0.01,0.0,0.0,0.02,0.04,0.04,0.01,0.83,0.01,0.04
695,8,0.0,0.18,0.02,0.02,0.0,0.0,0.0,0.01,0.77,0.0
696,6,0.0,0.06,0.01,0.0,0.0,0.01,0.9,0.0,0.02,0.0
697,7,0.0,0.01,0.0,0.0,0.0,0.01,0.0,0.98,0.0,0.0
698,5,0.0,0.01,0.02,0.05,0.0,0.79,0.0,0.07,0.04,0.02
699,7,0.0,0.0,0.01,0.0,0.0,0.0,0.0,0.98,0.0,0.01
700,6,0.0,0.0,0.0,0.0,0.0,0.01,0.99,0.0,0.0,0.0
701,3,0.0,0.0,0.06,0.85,0.0,0.0,0.0,0.0,0.05,0.04
702,1,0.01,0.89,0.01,0.0,0.05,0.0,0.01,0.0,0.03,0.0
703,4,0.0,0.0,0.0,0.0,0.92,0.02,0.0,0.03,0.0,0.03
704,2,0.05,0.01,0.76,0.07,0.01,0.0,0.0,0.0,0.03,0.07
705,0,0.98,0.0,0.0,0.0,0.0,0.01,0.0,0.01,0.0,0.0
706,8,0.0,0.01,0.02,0.03,0.03,0.01,0.0,0.05,0.85,0.0
707,6,0.0,0.0,0.0,0.0,0.0,0.0,1.0,0.0,0.0,0.0
708,3,0.0,0.0,0.02,0.98,0.0,0.0,0.0,0.0,0.0,0.0
709,0,0.96,0.0,0.0,0.0,0.02,0.01,0.0,0.0,0.0,0.01
710,5,0.0,0.01,0.0,0.03,0.0,0.96,0.0,0.0,0.0,0.0
711,7,0.0,0.0,0.0,0.0,0.02,0.01,0.0,0.96,0.01,0.0
712,4,0.0,0.0,0.01,0.0,0.86,0.0,0.0,0.1,0.0,0.03
713,6,0.0,0.0,0.0,0.01,0.0,0.02,0.94,0.0,0.03,0.0
714,8,0.0,0.2,0.0,0.01,0.02,0.04,0.0,0.01,0.7,0.02
715,7,0.0,0.02,0.01,0.0,0.02,0.0,0.01,0.92,0.01,0.01
716,8,0.01,0.0,0.0,0.02,0.0,0.02,0.0,0.0,0.94,0.01
717,8,0.01,0.0,0.0,0.04,0.01,0.01,0.0,0.04,0.87,0.02
718,0,0.95,0.0,0.0,0.0,0.0,0.0,0.03,0.0,0.02,0.0
719,1,0.0,0.97,0.0,0.0,0.01,0.01,0.0,0.01,0.0,0.0
720,6,0.01,0.03,0.0,0.01,0.04,0.03,0.84,0.0,0.04,0.0
721,1,0.0,0.9,0.01,0.01,0.0,0.03,0.0,0.02,0.01,0.02
722,6,0.0,0.0,0.0,0.0,0.0,0.01,0.96,0.0,0.03,0.0
723,2,0.0,0.0,0.94,0.02,0.0,0.01,0.0,0.01,0.01,0.01
724,3,0.0,0.0,0.0,0.98,0.0,0.0,0.0,0.0,0.0,0.02
725,8,0.0,0.06,0.1,0.02,0.01,0.02,0.0,0.0,0.74,0.05
726,3,0.0,0.0,0.0,0.86,0.0,0.03,0.0,0.0,0.05,0.06
727,6,0.0,0.01,0.02,0.01,0.02,0.02,0.9,0.0,0.01,0.01
728,5,0.0,0.01,0.05,0.02,0.0,0.91,0.0,0.0,0.01,0.0
729,7,0.0,0.02,0.0,0.02,0.01,0.02,0.0,0.86,0.06,0.01
730,5,0.0,0.0,0.0,0.03,0.0,0.93,0.0,0.0,0.0,0.04
731,2,0.0,0.0,0.95,0.04,0.0,0.0,0.0,0.0,0.01,0.0
732,4,0.0,0.0,0.0,0.0,0.95,0.01,0.0,0.01,0.02,0.01
733,0,0.99,0.0,0.0,0.0,0.01,0.0,0.0,0.0,0.0,0.0
734,5,0.0,0.0,0.0,0.04,0.01,0.89,0.01,0.0,0.01,0.04
735,5,0.0,0.0,0.0,0.0,0.0,0.98,0.01,0.0,0.01,0.0
736,9,0.0,0.01,0.0,0.05,0.0,0.05,0.0,0.0,0.02,0.87
737,3,0.0,0.0,0.01,0.92,0.0,0.03,0.0,0.0,0.02,0.02
738,3,0.0,0.0,0.01,0.9,0.0,0.0,0.0,0.01,0.0,0.08
739,8,0.0,0.0,0.01,0.0,0.0,0.0,0.0,0.01,0.98,0.0
740,6,0.0,0.0,0.0,0.0,0.0,0.0,1.0,0.0,0.0,0.0
741,3,0.0,0.01,0.0,0.95,0.0,0.0,0.0,0.0,0.0,0.04
742,3,0.0,0.0,0.02,0.9,0.0,0.01,0.0,0.01,0.01,0.05
743,9,0.0,0.0,0.01,0.0,0.0,0.0,0.0,0.0,0.0,0.99
744,5,0.0,0.0,0.0,0.0,0.0,0.99,0.0,0.0,0.0,0.01
745,7,0.02,0.04,0.02,0.03,0.0,0.08,0.01,0.78,0.02,0.0
746,5,0.0,0.0,0.0,0.0,0.0,0.98,0.0,0.0,0.0,0.02
747,5,0.0,0.03,0.01,0.0,0.03,0.86,0.01,0.01,0.02,0.03
748,1,0.0,0.96,0.0,0.0,0.0,0.01,0.01,0.0,0.0,0.02
749,2,0.0,0.0,1.0,0.0,0.0,0.0,0.0,0.0,0.0,0.0
750,1,0.0,0.95,0.0,0.0,0.0,0.01,0.0,0.0,0.02,0.02
751,4,0.0,0.0,0.0,0.0,0.99,0.01,0.0,0.0,0.0,0.0
752,9,0.01,0.03,0.0,0.05,0.01,0.02,0.0,0.0,0.06,0.82
753,1,0.0,0.82,0.0,0.0,0.0,0.04,0.0,0.07,0.06,0.01
754,3,0.0,0.0,0.15,0.71,0.01,0.03,0.0,0.0,0.06,0.04
755,2,0.0,0.01,0.91,0.04,0.0,0.01,0.01,0.01,0.0,0.01
756,9,0.02,0.01,0.0,0.11,0.0,0.07,0.0,0.0,0.03,0.76
757,2,0.0,0.0,0.97,0.02,0.0,0.0,0.0,0.01,0.0,0.0
758,2,0.0,0.01,0.94,0.01,0.0,0.0,0.02,0.0,0.01,0.01
759,2,0.0,0.0,0.98,0.0,0.0,0.0,0.0,0.02,0.0,0.0
760,1,0.0,0.91,0.0,0.0,0.01,0.02,0.03,0.0,0.03,0.0
761,4,0.0,0.03,0.02,0.02,0.7,0.05,0.0,0.07,0.05,0.06
762,0,0.98,0.0,0.0,0.0,0.0,0.0,0.0,0.0,0.02,0.0
763,6,0.0,0.0,0.01,0.0,0.0,0.0,0.98,0.0,0.01,0.0
764,7,0.0,0.0,0.0,0.01,0.0,0.0,0.0,0.99,0.0,0.0
765,3,0.0,0.01,0.03,0.88,0.0,0.01,0.0,0.01,0.02,0.04
766,6,0.0,0.02,0.04,0.0,0.01,0.01,0.91,0.0,0.01,0.0
767,4,0.02,0.03,0.0,0.0,0.89,0.0,0.0,0.02,0.03,0.01
768,3,0.0,0.0,0.0,0.99,0.0,0.0,0.0,0.0,0.0,0.01
769,0,0.99,0.0,0.0,0.0,0.0,0.0,0.0,0.0,0.0,0.01
770,7,0.0,0.0,0.0,0.0,0.0,0.0,0.0,1.0,0.0,0.0
771,4,0.0,0.01,0.0,0.0,0.99,0.0,0.0,0.0,0.0,0.0
772,1,0.0,0.98,0.0,0.01,0.01,0.0,0.0,0.0,0.0,0.0
773,5,0.0,0.0,0.01,0.0,0.0,0.99,0.0,0.0,0.0,0.0
774,0,0.99,0.0,0.0,0.0,0.0,0.0,0.0,0.0,0.0,0.01
775,8,0.01,0.02,0.01,0.06,0.01,0.02,0.01,0.03,0.8,0.03
776,0,0.98,0.0,0.0,0.0,0.02,0.0,0.0,0.0,0.0,0.0
777,5,0.0,0.0,0.01,0.0,0.0,0.96,0.02,0.0,0.01,0.0
778,1,0.0,0.96,0.02,0.01,0.01,0.0,0.0,0.0,0.0,0.0
779,2,0.01,0.06,0.82,0.01,0.0,0.0,0.02,0.01,0.07,0.0
780,3,0.0,0.01,0.0,0.94,0.01,0.01,0.0,0.02,0.01,0.0
781,2,0.0,0.01,0.99,0.0,0.0,0.0,0.0,0.0,0.0,0.0
782,8,0.0,0.0,0.04,0.01,0.0,0.0,0.01,0.0,0.92,0.02
783,5,0.01,0.0,0.01,0.02,0.0,0.82,0.01,0.0,0.0,0.13
784,1,0.0,0.9,0.02,0.01,0.0,0.0,0.0,0.0,0.05,0.02
785,7,0.0,0.01,0.04,0.0,0.01,0.02,0.0,0.86,0.03,0.03
786,7,0.0,0.01,0.0,0.0,0.06,0.07,0.0,0.82,0.03,0.01
787,3,0.0,0.0,0.02,0.94,0.0,0.01,0.01,0.0,0.02,0.0
788,0,1.0,0.0,0.0,0.0,0.0,0.0,0.0,0.0,0.0,0.0
789,9,0.0,0.02,0.01,0.02,0.01,0.04,0.0,0.05,0.01,0.84
790,7,0.0,0.0,0.0,0.01,0.01,0.0,0.0,0.98,0.0,0.0
791,7,0.0,0.02,0.02,0.02,0.0,0.0,0.0,0.92,0.01,0.01
792,9,0.0,0.0,0.0,0.01,0.0,0.01,0.0,0.0,0.0,0.98
793,3,0.0,0.01,0.03,0.9,0.0,0.01,0.02,0.0,0.0,0.03
794,7,0.0,0.0,0.0,0.01,0.0,0.01,0.0,0.94,0.0,0.04
795,8,0.0,0.03,0.0,0.06,0.01,0.04,0.0,0.02,0.82,0.02
796,6,0.0,0.0,0.0,0.0,0.0,0.0,0.98,0.0,0.01,0.01
797,1,0.01,0.88,0.0,0.01,0.0,0.0,0.01,0.03,0.0,0.06
798,8,0.0,0.07,0.11,0.06,0.0,0.05,0.01,0.02,0.63,0.05
799,8,0.03,0.04,0.01,0.02,0.0,0.05,0.0,0.03,0.79,0.03
800,6,0.0,0.01,0.01,0.01,0.01,0.0,0.96,0.0,0.0,0.0
801,1,0.0,0.93,0.0,0.0,0.01,0.01,0.0,0.03,0.0,0.02
802,9,0.0,0.0,0.0,0.02,0.0,0.0,0.0,0.0,0.0,0.98
803,1,0.0,0.95,0.02,0.0,0.0,0.0,0.0,0.01,0.02,0.0
804,8,0.0,0.02,0.03,0.04,0.08,0.04,0.01,0.06,0.7,0.02
805,6,0.0,0.0,0.0,0.0,0.0,0.01,0.96,0.01,0.01,0.01
806,9,0.0,0.01,0.04,0.06,0.0,0.01,0.0,0.01,0.03,0.84
807,4,0.04,0.01,0.0,0.0,0.92,0.01,0.0,0.01,0.0,0.01
808,6,0.0,0.0,0.01,0.0,0.0,0.0,0.98,0.0,0.01,0.0
809,2,0.0,0.02,0.97,0.0,0.0,0.0,0.0,0.0,0.01,0.0
810,6,0.0,0.01,0.0,0.0,0.0,0.0,0.98,0.0,0.01,0.0
811,8,0.01,0.01,0.03,0.01,0.02,0.01,0.0,0.01,0.89,0.01
812,0,0.91,0.0,0.0,0.0,0.02,0.03,0.01,0.01,0.01,0.01
813,7,0.0,0.02,0.0,0.03,0.0,0.0,0.0,0.92,0.02,0.01
814,8,0.0,0.03,0.05,0.02,0.0,0.0,0.01,0.01,0.87,0.01
815,9,0.0,0.0,0.0,0.02,0.01,0.01,0.0,0.0,0.01,0.95
816,7,0.0,0.01,0.01,0.0,0.03,0.01,0.0,0.91,0.02,0.01
817,9,0.03,0.0,0.0,0.0,0.0,0.0,0.0,0.0,0.05,0.92
818,2,0.0,0.02,0.96,0.01,0.0,0.0,0.01,0.0,0.0,0.0
819,1,0.0,0.98,0.0,0.01,0.0,0.0,0.0,0.01,0.0,0.0
820,3,0.0,0.0,0.0,0.9,0.0,0.03,0.0,0.0,0.01,0.06
821,5,0.0,0.0,0.0,0.01,0.01,0.92,0.0,0.0,0.03,0.03
822,6,0.0,0.0,0.0,0.0,0.01,0.0,0.99,0.0,0.0,0.0
823,1,0.0,0.94,0.0,0.01,0.0,0.0,0.03,0.0,0.02,0.0
824,6,0.0,0.02,0.0,0.0,0.0,0.02,0.94,0.0,0.0,0.02
825,7,0.01,0.0,0.0,0.0,0.03,0.0,0.0,0.92,0.03,0.01
826,8,0.0,0.0,0.07,0.04,0.01,0.0,0.0,0.01,0.86,0.01
827,5,0.0,0.01,0.01,0.0,0.0,0.96,0.0,0.0,0.02,0.0
828,2,0.0,0.01,0.96,0.03,0.0,0.0,0.0,0.0,0.0,0.0
829,9,0.0,0.0,0.0,0.02,0.0,0.03,0.0,0.0,0.01,0.94
830,0,0.93,0.0,0.01,0.0,0.01,0.02,0.03,0.0,0.0,0.0
831,7,0.01,0.01,0.0,0.01,0.04,0.03,0.0,0.87,0.02,0.01
832,1,0.0,0.96,0.0,0.02,0.01,0.01,0.0,0.0,0.0,0.0
833,7,0.0,0.01,0.0,0.0,0.01,0.01,0.0,0.91,0.01,0.05
834,0,1.0,0.0,0.0,0.0,0.0,0.0,0.0,0.0,0.0,0.0
835,7,0.0,0.0,0.0,0.0,0.0,0.0,0.0,0.99,0.01,0.0
836,8,0.0,0.05,0.02,0.0,0.0,0.01,0.0,0.0,0.92,0.0
837,1,0.0,0.78,0.04,0.06,0.01,0.01,0.01,0.0,0.01,0.08
838,9,0.01,0.02,0.0,0.0,0.02,0.05,0.0,0.0,0.03,0.87
839,2,0.0,0.0,0.97,0.0,0.0,0.0,0.01,0.02,0.0,0.0
840,0,0.97,0.0,0.0,0.0,0.0,0.03,0.0,0.0,0.0,0.0
841,1,0.0,0.87,0.02,0.0,0.01,0.01,0.01,0.01,0.07,0.0
842,7,0.0,0.0,0.0,0.01,0.0,0.0,0.0,0.98,0.01,0.0
843,9,0.01,0.0,0.0,0.02,0.0,0.0,0.0,0.0,0.0,0.97
844,5,0.0,0.0,0.01,0.0,0.0,0.95,0.0,0.01,0.02,0.01
845,6,0.0,0.02,0.02,0.0,0.0,0.02,0.93,0.0,0.0,0.01
846,5,0.01,0.02,0.0,0.02,0.01,0.88,0.03,0.01,0.02,0.0
847,4,0.01,0.03,0.0,0.0,0.93,0.0,0.02,0.0,0.01,0.0
848,8,0.0,0.01,0.02,0.02,0.0,0.01,0.0,0.0,0.93,0.01
849,2,0.0,0.09,0.88,0.0,0.02,0.0,0.01,0.0,0.0,0.0
850,6,0.02,0.01,0.01,0.04,0.01,0.0,0.85,0.01,0.05,0.0
851,9,0.0,0.0,0.0,0.02,0.0,0.0,0.0,0.0,0.01,0.97
852,5,0.01,0.0,0.01,0.0,0.0,0.98,0.0,0.0,0.0,0.0
853,3,0.0,0.01,0.04,0.94,0.0,0.0,0.0,0.0,0.0,0.01
854,9,0.0,0.09,0.01,0.01,0.0,0.01,0.0,0.02,0.05,0.81
855,0,1.0,0.0,0.0,0.0,0.0,0.0,0.0,0.0,0.0,0.0
856,1,0.0,0.97,0.01,0.0,0.0,0.0,0.0,0.01,0.01,0.0
857,0,0.8,0.0,0.01,0.0,0.03,0.02,0.03,0.0,0.06,0.05
858,7,0.0,0.01,0.03,0.01,0.04,0.02,0.0,0.87,0.02,0.0
859,8,0.0,0.05,0.06,0.02,0.0,0.02,0.03,0.0,0.82,0.0
860,2,0.04,0.0,0.82,0.07,0.0,0.0,0.0,0.05,0.01,0.01
861,9,0.0,0.0,0.0,0.01,0.0,0.01,0.0,0.0,0.0,0.98
862,2,0.0,0.0,0.91,0.02,0.0,0.01,0.0,0.0,0.06,0.0
863,0,0.93,0.0,0.0,0.0,0.01,0.01,0.0,0.0,0.03,0.02
864,2,0.0,0.01,0.98,0.01,0.0,0.0,0.0,0.0,0.0,0.0
865,6,0.0,0.0,0.0,0.0,0.01,0.0,0.99,0.0,0.0,0.0
866,7,0.0,0.02,0.03,0.0,0.01,0.0,0.0,0.9,0.04,0.0
867,9,0.0,0.0,0.0,0.01,0.01,0.03,0.0,0.0,0.01,0.94
868,2,0.0,0.0,1.0,0.0,0.0,0.0,0.0,0.0,0.0,0.0
869,7,0.0,0.02,0.0,0.01,0.01,0.01,0.0,0.95,0.0,0.0
870,9,0.0,0.07,0.0,0.01,0.0,0.01,0.0,0.01,0.0,0.9
871,7,0.0,0.03,0.0,0.0,0.02,0.0,0.0,0.93,0.02,0.0
872,4,0.0,0.0,0.0,0.0,0.98,0.0,0.01,0.0,0.01,0.0
873,1,0.0,0.98,0.0,0.0,0.0,0.0,0.0,0.0,0.02,0.0
874,9,0.0,0.08,0.0,0.0,0.01,0.03,0.0,0.02,0.01,0.85
875,8,0.01,0.0,0.01,0.0,0.01,0.0,0.01,0.01,0.93,0.02
876,6,0.0,0.0,0.0,0.0,0.0,0.01,0.99,0.0,0.0,0.0
877,6,0.01,0.0,0.0,0.0,0.0,0.0,0.98,0.0,0.0,0.01
878,6,0.0,0.0,0.0,0.01,0.01,0.0,0.98,0.0,0.0,0.0
879,5,0.01,0.0,0.0,0.0,0.04,0.85,0.03,0.01,0.03,0.03
880,0,0.96,0.0,0.0,0.0,0.01,0.01,0.0,0.0,0.02,0.0
881,2,0.0,0.0,0.88,0.02,0.0,0.0,0.0,0.01,0.02,0.07
882,4,0.01,0.01,0.0,0.0,0.92,0.0,0.01,0.05,0.0,0.0
883,8,0.0,0.02,0.03,0.01,0.0,0.0,0.0,0.0,0.94,0.0
884,9,0.0,0.0,0.0,0.02,0.0,0.01,0.0,0.0,0.04,0.93
885,7,0.0,0.0,0.0,0.0,0.01,0.0,0.0,0.99,0.0,0.0
886,6,0.01,0.01,0.01,0.0,0.0,0.0,0.93,0.0,0.04,0.0
887,6,0.02,0.01,0.0,0.0,0.01,0.06,0.85,0.0,0.05,0.0
888,2,0.0,0.0,1.0,0.0,0.0,0.0,0.0,0.0,0.0,0.0
889,3,0.0,0.0,0.04,0.93,0.0,0.0,0.0,0.0,0.01,0.02
890,0,0.98,0.01,0.0,0.0,0.01,0.0,0.0,0.0,0.0,0.0
891,0,0.86,0.0,0.0,0.02,0.01,0.0,0.02,0.0,0.05,0.04
892,2,0.01,0.04,0.81,0.01,0.01,0.06,0.01,0.0,0.02,0.03
893,1,0.0,0.89,0.01,0.0,0.01,0.0,0.0,0.03,0.06,0.0
894,7,0.0,0.01,0.0,0.01,0.0,0.04,0.0,0.88,0.02,0.04
895,1,0.0,0.97,0.0,0.0,0.01,0.0,0.0,0.0,0.02,0.0
896,0,0.98,0.0,0.0,0.0,0.0,0.01,0.0,0.0,0.0,0.01
897,8,0.01,0.02,0.03,0.0,0.03,0.02,0.0,0.04,0.84,0.01
898,9,0.0,0.0,0.01,0.03,0.0,0.05,0.0,0.01,0.01,0.89
899,6,0.0,0.0,0.0,0.01,0.01,0.0,0.98,0.0,0.0,0.0
900,7,0.0,0.07,0.02,0.01,0.0,0.0,0.03,0.83,0.04,0.0
901,8,0.03,0.04,0.01,0.0,0.02,0.01,0.03,0.03,0.77,0.06
902,6,0.0,0.0,0.0,0.0,0.0,0.01,0.98,0.0,0.01,0.0
903,7,0.01,0.01,0.01,0.01,0.04,0.0,0.03,0.86,0.01,0.02
904,2,0.01,0.0,0.9,0.01,0.01,0.0,0.0,0.0,0.07,0.0
905,9,0.01,0.0,0.0,0.02,0.01,0.01,0.0,0.0,0.0,0.95
906,9,0.05,0.0,0.0,0.01,0.0,0.02,0.0,0.02,0.0,0.9
907,2,0.0,0.0,0.99,0.0,0.0,0.01,0.0,0.0,0.0,0.0
908,1,0.0,0.9,0.02,0.0,0.0,0.0,0.0,0.02,0.06,0.0
909,0,0.96,0.0,0.0,0.0,0.0,0.02,0.0,0.0,0.01,0.01
910,4,0.01,0.02,0.0,0.0,0.95,0.0,0.01,0.0,0.01,0.0
911,0,0.99,0.0,0.0,0.0,0.0,0.0,0.0,0.0,0.0,0.01
912,8,0.0,0.0,0.01,0.04,0.0,0.01,0.0,0.0,0.94,0.0
913,8,0.02,0.0,0.05,0.07,0.0,0.0,0.01,0.0,0.83,0.02
914,8,0.01,0.0,0.0,0.01,0.0,0.01,0.01,0.0,0.95,0.01
915,8,0.08,0.03,0.01,0.0,0.05,0.03,0.01,0.04,0.71,0.04
916,2,0.0,0.0,0.93,0.0,0.0,0.0,0.0,0.01,0.06,0.0
917,3,0.0,0.0,0.0,0.98,0.0,0.0,0.0,0.0,0.0,0.02
918,5,0.02,0.0,0.0,0.0,0.01,0.82,0.09,0.0,0.02,0.04
919,9,0.01,0.0,0.0,0.0,0.0,0.01,0.0,0.0,0.0,0.98
920,2,0.0,0.01,0.99,0.0,0.0,0.0,0.0,0.0,0.0,0.0
921,5,0.1,0.01,0.0,0.01,0.01,0.75,0.0,0.02,0.04,0.06
922,2,0.01,0.0,0.98,0.0,0.0,0.0,0.01,0.0,0.0,0.0
923,4,0.0,0.0,0.01,0.0,0.9,0.03,0.0,0.05,0.0,0.01
924,5,0.0,0.0,0.0,0.01,0.0,0.97,0.0,0.01,0.01,0.0
925,0,1.0,0.0,0.0,0.0,0.0,0.0,0.0,0.0,0.0,0.0
926,2,0.01,0.0,0.91,0.03,0.0,0.01,0.0,0.0,0.04,0.0
927,3,0.0,0.0,0.01,0.96,0.0,0.0,0.0,0.0,0.01,0.02
928,4,0.03,0.03,0.01,0.01,0.87,0.01,0.01,0.01,0.02,0.0
929,3,0.0,0.01,0.08,0.85,0.0,0.0,0.0,0.02,0.01,0.03
930,6,0.01,0.0,0.0,0.0,0.0,0.0,0.99,0.0,0.0,0.0
931,1,0.0,0.98,0.0,0.0,0.0,0.0,0.0,0.0,0.02,0.0
932,1,0.0,0.98,0.0,0.0,0.0,0.0,0.0,0.0,0.01,0.01
933,4,0.0,0.0,0.0,0.0,0.99,0.0,0.0,0.01,0.0,0.0
934,1,0.01,0.9,0.01,0.01,0.02,0.01,0.02,0.0,0.02,0.0
935,1,0.0,0.96,0.0,0.0,0.01,0.0,0.0,0.01,0.02,0.0
936,1,0.0,0.94,0.03,0.0,0.0,0.0,0.0,0.0,0.01,0.02
937,4,0.0,0.0,0.0,0.0,0.88,0.03,0.0,0.03,0.02,0.04
938,6,0.01,0.0,0.0,0.01,0.0,0.0,0.98,0.0,0.0,0.0
939,2,0.0,0.02,0.96,0.0,0.0,0.0,0.0,0.0,0.02,0.0
940,2,0.0,0.01,0.95,0.04,0.0,0.0,0.0,0.0,0.0,0.0
941,4,0.0,0.01,0.04,0.01,0.74,0.04,0.0,0.1,0.02,0.04
942,6,0.0,0.0,0.0,0.0,0.01,0.01,0.98,0.0,0.0,0.0
943,3,0.0,0.0,0.0,0.98,0.0,0.0,0.0,0.02,0.0,0.0
944,0,0.99,0.0,0.0,0.0,0.0,0.0,0.0,0.0,0.0,0.01
945,4,0.0,0.02,0.0,0.0,0.92,0.03,0.0,0.0,0.02,0.01
946,8,0.0,0.06,0.0,0.0,0.0,0.02,0.02,0.0,0.9,0.0
947,3,0.0,0.0,0.01,0.99,0.0,0.0,0.0,0.0,0.0,0.0
948,4,0.0,0.0,0.0,0.0,0.98,0.0,0.0,0.0,0.01,0.01
949,2,0.0,0.05,0.84,0.03,0.0,0.0,0.0,0.0,0.08,0.0
950,0,0.97,0.0,0.0,0.0,0.01,0.02,0.0,0.0,0.0,0.0
951,8,0.0,0.01,0.02,0.0,0.0,0.0,0.0,0.0,0.96,0.01
952,7,0.0,0.0,0.0,0.0,0.0,0.0,0.0,0.98,0.01,0.01
953,3,0.0,0.0,0.0,0.99,0.0,0.01,0.0,0.0,0.0,0.0
954,0,0.89,0.0,0.0,0.0,0.03,0.03,0.03,0.0,0.01,0.01
955,7,0.01,0.01,0.02,0.0,0.03,0.01,0.01,0.88,0.03,0.0
956,8,0.0,0.0,0.05,0.0,0.03,0.01,0.0,0.04,0.82,0.05
957,9,0.0,0.02,0.0,0.01,0.02,0.04,0.0,0.02,0.04,0.85
958,5,0.0,0.0,0.0,0.0,0.0,1.0,0.0,0.0,0.0,0.0
959,0,0.98,0.0,0.0,0.0,0.02,0.0,0.0,0.0,0.0,0.0
960,5,0.02,0.01,0.0,0.0,0.06,0.77,0.01,0.01,0.03,0.09
961,8,0.0,0.03,0.05,0.0,0.01,0.04,0.0,0.0,0.86,0.01
962,3,0.0,0.04,0.04,0.76,0.0,0.0,0.0,0.03,0.12,0.01
963,8,0.02,0.0,0.01,0.06,0.01,0.02,0.0,0.02,0.8,0.06
964,4,0.0,0.01,0.0,0.0,0.96,0.02,0.01,0.0,0.0,0.0
965,2,0.0,0.01,0.86,0.01,0.01,0.0,0.0,0.01,0.1,0.0
966,7,0.01,0.0,0.0,0.0,0.02,0.01,0.01,0.93,0.01,0.01
967,2,0.0,0.0,0.93,0.01,0.0,0.0,0.0,0.0,0.05,0.01
968,2,0.0,0.0,0.95,0.01,0.0,0.0,0.0,0.0,0.04,0.0
969,9,0.01,0.01,0.01,0.02,0.01,0.02,0.02,0.0,0.02,0.88
970,0,0.9,0.0,0.01,0.0,0.05,0.0,0.01,0.0,0.03,0.0
971,4,0.0,0.01,0.0,0.0,0.92,0.02,0.0,0.03,0.01,0.01
972,9,0.01,0.0,0.0,0.02,0.0,0.01,0.0,0.0,0.01,0.95
973,2,0.0,0.0,0.92,0.01,0.0,0.0,0.0,0.0,0.05,0.02
974,2,0.0,0.01,0.96,0.0,0.0,0.0,0.0,0.01,0.02,0.0
975,9,0.0,0.0,0.0,0.01,0.0,0.02,0.0,0.03,0.01,0.93
976,0,0.96,0.0,0.0,0.01,0.0,0.02,0.0,0.0,0.0,0.01
977,5,0.0,0.01,0.0,0.0,0.0,0.97,0.0,0.0,0.01,0.01
978,1,0.0,0.98,0.0,0.01,0.0,0.0,0.0,0.01,0.0,0.0
979,5,0.0,0.01,0.05,0.0,0.05,0.76,0.01,0.02,0.07,0.03
980,4,0.0,0.0,0.0,0.0,1.0,0.0,0.0,0.0,0.0,0.0
981,1,0.0,0.96,0.03,0.0,0.0,0.0,0.0,0.0,0.0,0.01
982,4,0.0,0.02,0.01,0.0,0.89,0.01,0.06,0.0,0.0,0.01
983,8,0.0,0.0,0.0,0.0,0.0,0.02,0.03,0.0,0.94,0.01
984,3,0.0,0.01,0.03,0.9,0.0,0.0,0.0,0.0,0.01,0.05
985,8,0.0,0.0,0.03,0.04,0.01,0.01,0.03,0.0,0.86,0.02
986,4,0.04,0.01,0.01,0.0,0.91,0.0,0.02,0.0,0.01,0.0
987,5,0.0,0.0,0.0,0.01,0.0,0.98,0.0,0.0,0.0,0.01
988,7,0.0,0.04,0.04,0.06,0.03,0.04,0.0,0.66,0.09,0.04
989,7,0.0,0.0,0.0,0.01,0.0,0.0,0.0,0.99,0.0,0.0
990,5,0.0,0.0,0.0,0.0,0.01,0.95,0.01,0.01,0.01,0.01
991,3,0.0,0.0,0.02,0.94,0.01,0.02,0.0,0.0,0.0,0.01
992,2,0.01,0.01,0.93,0.01,0.0,0.0,0.0,0.01,0.02,0.01
993,0,0.99,0.0,0.0,0.0,0.0,0.0,0.0,0.0,0.0,0.01
994,0,0.91,0.0,0.01,0.03,0.02,0.0,0.03,0.0,0.0,0.0
995,7,0.0,0.0,0.0,0.02,0.0,0.0,0.0,0.96,0.02,0.0
996,6,0.0,0.02,0.0,0.0,0.02,0.0,0.95,0.0,0.01,0.0
997,0,0.97,0.0,0.0,0.0,0.02,0.0,0.0,0.0,0.01,0.0
998,7,0.0,0.0,0.0,0.01,0.01,0.01,0.0,0.95,0.02,0.0
999,2,0.0,0.0,0.93,0.0,0.0,0.01,0.01,0.01,0.04,0.0
1000,9,0.0,0.02,0.0,0.01,0.0,0.01,0.0,0.0,0.01,0.95
1001,4,0.0,0.0,0.0,0.0,0.98,0.01,0.01,0.0,0.0,0.0
1002,1,0.0,0.96,0.0,0.0,0.0,0.0,0.01,0.01,0.02,0.0
1003,6,0.0,0.02,0.03,0.0,0.03,0.07,0.79,0.01,0.05,0.0
1004,2,0.0,0.01,0.83,0.01,0.0,0.0,0.01,0.02,0.12,0.0
1005,1,0.0,0.92,0.0,0.0,0.01,0.0,0.03,0.03,0.01,0.0
1006,1,0.0,1.0,0.0,0.0,0.0,0.0,0.0,0.0,0.0,0.0
1007,2,0.0,0.01,0.98,0.01,0.0,0.0,0.0,0.0,0.0,0.0
1008,6,0.01,0.0,0.0,0.0,0.01,0.0,0.98,0.0,0.0,0.0
1009,9,0.0,0.0,0.01,0.0,0.0,0.02,0.0,0.0,0.01,0.96
1010,2,0.0,0.01,0.92,0.0,0.0,0.02,0.01,0.0,0.03,0.01
1011,9,0.0,0.0,0.01,0.03,0.0,0.0,0.0,0.0,0.01,0.95
1012,7,0.0,0.0,0.0,0.0,0.0,0.0,0.0,1.0,0.0,0.0
1013,3,0.0,0.0,0.01,0.86,0.0,0.01,0.02,0.0,0.02,0.08
1014,9,0.0,0.01,0.01,0.01,0.0,0.03,0.01,0.02,0.02,0.89
1015,4,0.0,0.0,0.0,0.0,0.99,0.0,0.0,0.01,0.0,0.0
1016,9,0.01,0.02,0.02,0.09,0.0,0.05,0.02,0.0,0.01,0.78
1017,8,0.0,0.0,0.02,0.0,0.01,0.02,0.01,0.01,0.92,0.01
1018,5,0.0,0.02,0.0,0.02,0.03,0.88,0.0,0.02,0.02,0.01
1019,0,0.96,0.0,0.0,0.0,0.03,0.0,0.0,0.0,0.0,0.01
1020,2,0.0,0.02,0.86,0.0,0.0,0.03,0.07,0.0,0.02,0.0
1021,5,0.0,0.01,0.0,0.0,0.0,0.98,0.0,0.01,0.0,0.0
1022,1,0.0,0.89,0.02,0.0,0.05,0.0,0.01,0.0,0.02,0.01
1023,5,0.0,0.01,0.01,0.02,0.0,0.83,0.01,0.0,0.02,0.1
1024,1,0.0,0.94,0.05,0.0,0.0,0.01,0.0,0.0,0.0,0.0
1025,7,0.0,0.03,0.01,0.01,0.07,0.01,0.01,0.86,0.0,0.0
1026,5,0.0,0.03,0.0,0.0,0.0,0.92,0.01,0.0,0.03,0.01
1027,1,0.0,0.94,0.02,0.0,0.0,0.0,0.0,0.0,0.04,0.0
1028,5,0.0,0.01,0.0,0.0,0.02,0.95,0.0,0.01,0.0,0.01
1029,4,0.03,0.0,0.0,0.0,0.95,0.01,0.0,0.01,0.0,0.0
1030,8,0.0,0.05,0.08,0.05,0.01,0.0,0.05,0.0,0.75,0.01
1031,3,0.01,0.0,0.04,0.82,0.0,0.04,0.0,0.02,0.01,0.06
1032,4,0.0,0.04,0.0,0.0,0.93,0.01,0.0,0.01,0.01,0.0
1033,3,0.0,0.0,0.02,0.97,0.0,0.0,0.0,0.0,0.0,0.01
1034,2,0.0,0.03,0.93,0.01,0.0,0.01,0.02,0.0,0.0,0.0
1035,4,0.07,0.01,0.0,0.0,0.82,0.01,0.04,0.02,0.0,0.03
1036,5,0.0,0.0,0.0,0.01,0.0,0.95,0.0,0.01,0.01,0.02
1037,9,0.0,0.02,0.0,0.0,0.04,0.04,0.01,0.0,0.01,0.88
1038,2,0.0,0.01,0.91,0.04,0.0,0.01,0.0,0.02,0.0,0.01
1039,8,0.01,0.02,0.08,0.02,0.0,0.0,0.01,0.0,0.85,0.01
1040,1,0.0,0.88,0.06,0.0,0.0,0.0,0.0,0.0,0.05,0.01
1041,7,0.0,0.02,0.01,0.0,0.03,0.01,0.0,0.89,0.03,0.01
1042,8,0.02,0.03,0.02,0.01,0.03,0.02,0.01,0.04,0.82,0.0
1043,3,0.0,0.0,0.02,0.92,0.0,0.01,0.0,0.01,0.02,0.02
1044,8,0.0,0.06,0.01,0.0,0.0,0.02,0.0,0.02,0.88,0.01
1045,3,0.0,0.04,0.02,0.73,0.01,0.07,0.01,0.03,0.06,0.03
1046,2,0.0,0.0,1.0,0.0,0.0,0.0,0.0,0.0,0.0,0.0
1047,0,0.97,0.0,0.0,0.01,0.0,0.01,0.01,0.0,0.0,0.0
1048,7,0.0,0.0,0.0,0.01,0.01,0.0,0.0,0.98,0.0,0.0
1049,3,0.0,0.02,0.03,0.9,0.0,0.03,0.0,0.01,0.01,0.0
1050,7,0.0,0.01,0.0,0.01,0.0,0.03,0.0,0.93,0.01,0.01
1051,3,0.02,0.0,0.01,0.89,0.0,0.0,0.0,0.02,0.03,0.03
1052,1,0.0,0.79,0.01,0.01,0.06,0.01,0.0,0.07,0.04,0.01
1053,2,0.0,0.0,1.0,0.0,0.0,0.0,0.0,0.0,0.0,0.0
1054,1,0.0,0.85,0.03,0.0,0.02,0.0,0.08,0.0,0.02,0.0
1055,2,0.0,0.0,0.98,0.01,0.0,0.0,0.0,0.0,0.01,0.0
1056,3,0.0,0.01,0.04,0.94,0.0,0.0,0.0,0.01,0.0,0.0
1057,4,0.02,0.04,0.0,0.0,0.9,0.0,0.0,0.02,0.0,0.02
1058,7,0.0,0.0,0.0,0.0,0.0,0.0,0.0,0.99,0.01,0.0
1059,9,0.04,0.01,0.04,0.06,0.0,0.0,0.0,0.01,0.01,0.83
1060,6,0.03,0.0,0.0,0.02,0.01,0.02,0.9,0.0,0.01,0.01
1061,3,0.0,0.01,0.01,0.96,0.0,0.0,0.0,0.0,0.0,0.02
1062,1,0.0,0.87,0.07,0.02,0.0,0.0,0.01,0.0,0.01,0.02
1063,8,0.0,0.03,0.02,0.0,0.01,0.04,0.01,0.0,0.88,0.01
1064,8,0.0,0.04,0.0,0.0,0.0,0.0,0.0,0.01,0.93,0.02
1065,1,0.0,0.96,0.01,0.0,0.0,0.0,0.0,0.0,0.01,0.02
1066,7,0.01,0.01,0.0,0.0,0.02,0.0,0.01,0.94,0.01,0.0
1067,7,0.0,0.0,0.0,0.02,0.01,0.01,0.0,0.92,0.0,0.04
1068,8,0.0,0.0,0.03,0.05,0.01,0.04,0.02,0.01,0.83,0.01
1069,6,0.01,0.06,0.0,0.0,0.02,0.0,0.89,0.0,0.02,0.0
1070,7,0.0,0.0,0.04,0.02,0.01,0.0,0.0,0.91,0.02,0.0
1071,0,0.89,0.0,0.01,0.0,0.0,0.02,0.05,0.0,0.02,0.01
1072,0,0.99,0.0,0.0,0.0,0.0,0.0,0.0,0.0,0.01,0.0
1073,2,0.0,0.0,0.81,0.14,0.0,0.01,0.0,0.0,0.03,0.01
1074,0,0.99,0.0,0.0,0.0,0.0,0.0,0.0,0.01,0.0,0.0
1075,7,0.0,0.0,0.01,0.0,0.02,0.01,0.0,0.92,0.01,0.03
1076,3,0.0,0.0,0.0,0.99,0.0,0.0,0.0,0.0,0.01,0.0
1077,2,0.0,0.0,0.98,0.0,0.0,0.0,0.0,0.0,0.02,0.0
1078,2,0.02,0.02,0.88,0.02,0.01,0.01,0.0,0.01,0.01,0.02
1079,7,0.0,0.0,0.0,0.0,0.01,0.0,0.0,0.99,0.0,0.0
1080,1,0.0,0.99,0.0,0.0,0.0,0.0,0.0,0.0,0.01,0.0
1081,0,1.0,0.0,0.0,0.0,0.0,0.0,0.0,0.0,0.0,0.0
1082,4,0.01,0.03,0.0,0.01,0.94,0.0,0.01,0.0,0.0,0.0
1083,6,0.0,0.07,0.01,0.0,0.02,0.0,0.89,0.0,0.01,0.0
1084,0,0.8,0.0,0.05,0.01,0.06,0.02,0.05,0.0,0.01,0.0
1085,2,0.0,0.01,0.96,0.02,0.0,0.0,0.01,0.0,0.0,0.0
1086,0,0.99,0.0,0.0,0.0,0.0,0.0,0.0,0.0,0.01,0.0
1087,0,1.0,0.0,0.0,0.0,0.0,0.0,0.0,0.0,0.0,0.0
1088,0,1.0,0.0,0.0,0.0,0.0,0.0,0.0,0.0,0.0,0.0
1089,9,0.0,0.01,0.04,0.12,0.0,0.06,0.02,0.01,0.03,0.71
1090,3,0.0,0.0,0.03,0.92,0.0,0.0,0.0,0.01,0.01,0.03
1091,6,0.0,0.0,0.0,0.01,0.0,0.02,0.97,0.0,0.0,0.0
1092,4,0.0,0.0,0.0,0.0,0.93,0.01,0.06,0.0,0.0,0.0
1093,3,0.0,0.01,0.04,0.89,0.01,0.0,0.01,0.0,0.01,0.03
1094,5,0.01,0.01,0.01,0.01,0.01,0.81,0.01,0.0,0.0,0.13
1095,4,0.0,0.0,0.0,0.0,0.97,0.0,0.02,0.0,0.01,0.0
1096,4,0.01,0.05,0.0,0.0,0.84,0.0,0.02,0.05,0.02,0.01
1097,2,0.0,0.01,0.91,0.01,0.01,0.0,0.01,0.01,0.04,0.0
1098,8,0.0,0.1,0.06,0.03,0.0,0.0,0.02,0.01,0.78,0.0
1099,9,0.0,0.0,0.01,0.02,0.0,0.01,0.0,0.01,0.0,0.95
1100,7,0.0,0.0,0.02,0.01,0.05,0.01,0.0,0.85,0.03,0.03
1101,1,0.0,0.96,0.01,0.0,0.01,0.01,0.0,0.0,0.01,0.0
1102,0,1.0,0.0,0.0,0.0,0.0,0.0,0.0,0.0,0.0,0.0
1103,8,0.0,0.02,0.06,0.04,0.02,0.0,0.01,0.02,0.76,0.07
1104,3,0.0,0.0,0.0,0.99,0.0,0.0,0.0,0.0,0.0,0.01
1105,8,0.07,0.05,0.0,0.0,0.02,0.02,0.03,0.0,0.81,0.0
1106,4,0.0,0.01,0.0,0.0,0.97,0.01,0.0,0.01,0.0,0.0
1107,0,0.99,0.0,0.0,0.0,0.0,0.0,0.01,0.0,0.0,0.0
1108,2,0.0,0.01,0.99,0.0,0.0,0.0,0.0,0.0,0.0,0.0
1109,9,0.03,0.02,0.0,0.01,0.0,0.01,0.01,0.02,0.06,0.84
1110,3,0.0,0.0,0.03,0.9,0.0,0.0,0.0,0.0,0.04,0.03
1111,9,0.0,0.03,0.0,0.05,0.0,0.03,0.0,0.0,0.01,0.88
1112,0,1.0,0.0,0.0,0.0,0.0,0.0,0.0,0.0,0.0,0.0
1113,8,0.02,0.0,0.0,0.02,0.0,0.02,0.01,0.0,0.86,0.07
1114,2,0.0,0.03,0.91,0.01,0.0,0.0,0.0,0.01,0.03,0.01
1115,7,0.01,0.02,0.0,0.0,0.08,0.01,0.02,0.85,0.01,0.0
1116,8,0.0,0.02,0.01,0.0,0.0,0.0,0.01,0.0,0.94,0.02
1117,7,0.0,0.0,0.0,0.0,0.0,0.01,0.0,0.98,0.01,0.0
1118,1,0.0,0.96,0.0,0.0,0.0,0.0,0.01,0.0,0.03,0.0
1119,7,0.0,0.02,0.0,0.0,0.12,0.0,0.01,0.84,0.01,0.0
1120,3,0.0,0.0,0.01,0.84,0.0,0.05,0.0,0.04,0.04,0.02
1121,0,1.0,0.0,0.0,0.0,0.0,0.0,0.0,0.0,0.0,0.0
1122,8,0.01,0.01,0.0,0.08,0.0,0.0,0.01,0.0,0.82,0.07
1123,1,0.0,0.83,0.0,0.0,0.03,0.04,0.09,0.0,0.0,0.01
1124,5,0.01,0.0,0.0,0.0,0.0,0.95,0.01,0.01,0.02,0.0
1125,2,0.0,0.02,0.97,0.0,0.0,0.0,0.0,0.0,0.01,0.0
1126,8,0.0,0.01,0.07,0.06,0.0,0.01,0.01,0.0,0.84,0.0
1127,1,0.0,0.81,0.0,0.01,0.05,0.01,0.0,0.01,0.01,0.1
1128,7,0.0,0.0,0.02,0.01,0.0,0.02,0.0,0.88,0.02,0.05
1129,5,0.01,0.0,0.0,0.02,0.06,0.79,0.08,0.0,0.0,0.04
1130,2,0.0,0.06,0.87,0.05,0.0,0.0,0.0,0.02,0.0,0.0
1131,9,0.0,0.0,0.0,0.01,0.0,0.01,0.0,0.0,0.0,0.98
1132,6,0.0,0.0,0.0,0.0,0.0,0.0,0.99,0.0,0.0,0.01
1133,9,0.0,0.06,0.0,0.01,0.02,0.02,0.0,0.04,0.02,0.83
1134,8,0.0,0.01,0.04,0.02,0.0,0.0,0.0,0.01,0.9,0.02
1135,2,0.0,0.0,0.97,0.0,0.0,0.0,0.0,0.0,0.02,0.01
1136,1,0.0,0.93,0.0,0.0,0.04,0.0,0.01,0.0,0.02,0.0
1137,9,0.0,0.0,0.01,0.02,0.01,0.05,0.0,0.03,0.05,0.83
1138,6,0.01,0.02,0.01,0.0,0.0,0.05,0.89,0.0,0.02,0.0
1139,8,0.0,0.07,0.01,0.03,0.0,0.01,0.05,0.01,0.8,0.02
1140,8,0.0,0.06,0.01,0.02,0.0,0.0,0.0,0.01,0.9,0.0
1141,5,0.0,0.0,0.02,0.0,0.0,0.97,0.0,0.0,0.01,0.0
1142,5,0.0,0.03,0.01,0.0,0.07,0.82,0.04,0.02,0.01,0.0
1143,6,0.0,0.04,0.0,0.0,0.01,0.0,0.93,0.01,0.01,0.0
1144,6,0.0,0.02,0.02,0.0,0.0,0.0,0.95,0.0,0.0,0.01
1145,1,0.0,0.87,0.02,0.03,0.0,0.0,0.01,0.0,0.05,0.02
1146,3,0.0,0.0,0.0,1.0,0.0,0.0,0.0,0.0,0.0,0.0
1147,4,0.0,0.0,0.0,0.0,1.0,0.0,0.0,0.0,0.0,0.0
1148,6,0.01,0.0,0.0,0.0,0.0,0.0,0.97,0.01,0.01,0.0
1149,6,0.0,0.01,0.0,0.0,0.01,0.0,0.98,0.0,0.0,0.0
1150,3,0.0,0.0,0.01,0.96,0.0,0.0,0.0,0.01,0.0,0.02
1151,0,0.83,0.0,0.0,0.0,0.0,0.02,0.08,0.0,0.01,0.06
1152,7,0.0,0.0,0.04,0.03,0.01,0.0,0.0,0.87,0.0,0.05
1153,4,0.03,0.0,0.0,0.0,0.87,0.01,0.0,0.08,0.0,0.01
1154,7,0.0,0.0,0.0,0.0,0.01,0.0,0.0,0.98,0.0,0.01
1155,3,0.0,0.07,0.02,0.73,0.0,0.04,0.01,0.01,0.09,0.03
1156,6,0.0,0.02,0.0,0.0,0.0,0.03,0.91,0.0,0.04,0.0
1157,3,0.0,0.0,0.0,0.83,0.01,0.05,0.0,0.02,0.01,0.08
1158,5,0.0,0.0,0.02,0.0,0.0,0.93,0.01,0.0,0.04,0.0
1159,7,0.0,0.02,0.01,0.07,0.01,0.02,0.0,0.83,0.03,0.01
1160,4,0.02,0.01,0.0,0.0,0.97,0.0,0.0,0.0,0.0,0.0
1161,6,0.0,0.0,0.0,0.0,0.0,0.0,1.0,0.0,0.0,0.0
1162,7,0.01,0.03,0.0,0.02,0.03,0.0,0.0,0.89,0.01,0.01
1163,6,0.06,0.01,0.02,0.01,0.01,0.03,0.75,0.02,0.08,0.01
1164,7,0.0,0.04,0.01,0.0,0.02,0.02,0.01,0.86,0.04,0.0
1165,5,0.01,0.0,0.0,0.02,0.0,0.91,0.02,0.0,0.01,0.03
1166,3,0.0,0.0,0.02,0.91,0.0,0.0,0.0,0.0,0.01,0.06
1167,1,0.0,0.84,0.07,0.02,0.01,0.0,0.0,0.02,0.03,0.01
1168,2,0.0,0.0,0.98,0.0,0.0,0.0,0.01,0.0,0.01,0.0
1169,3,0.0,0.01,0.06,0.78,0.0,0.02,0.0,0.0,0.02,0.11
1170,1,0.0,0.93,0.0,0.01,0.04,0.0,0.0,0.0,0.0,0.02
1171,5,0.02,0.01,0.0,0.0,0.02,0.93,0.01,0.0,0.0,0.01
1172,6,0.0,0.0,0.0,0.0,0.0,0.0,1.0,0.0,0.0,0.0
1173,9,0.03,0.01,0.0,0.01,0.02,0.0,0.0,0.01,0.03,0.89
1174,3,0.0,0.0,0.0,0.99,0.0,0.0,0.0,0.01,0.0,0.0
1175,9,0.0,0.02,0.0,0.02,0.05,0.02,0.0,0.08,0.01,0.8
1176,9,0.0,0.0,0.0,0.03,0.0,0.03,0.0,0.0,0.0,0.94
1177,0,0.97,0.0,0.0,0.0,0.0,0.0,0.01,0.0,0.0,0.02
1178,6,0.0,0.0,0.0,0.0,0.0,0.0,1.0,0.0,0.0,0.0
1179,1,0.0,0.88,0.01,0.02,0.0,0.0,0.0,0.07,0.02,0.0
1180,3,0.0,0.0,0.0,0.98,0.0,0.0,0.0,0.0,0.0,0.02
1181,9,0.01,0.0,0.01,0.04,0.0,0.03,0.01,0.0,0.04,0.86
1182,4,0.01,0.01,0.0,0.0,0.96,0.0,0.02,0.0,0.0,0.0
1183,4,0.0,0.05,0.0,0.0,0.93,0.0,0.01,0.0,0.01,0.0
1184,8,0.0,0.09,0.01,0.01,0.0,0.0,0.0,0.02,0.86,0.01
1185,2,0.0,0.0,0.98,0.02,0.0,0.0,0.0,0.0,0.0,0.0
1186,0,1.0,0.0,0.0,0.0,0.0,0.0,0.0,0.0,0.0,0.0
1187,1,0.0,0.89,0.0,0.0,0.0,0.0,0.0,0.01,0.01,0.09
1188,3,0.0,0.01,0.03,0.91,0.0,0.0,0.0,0.0,0.04,0.01
1189,5,0.0,0.0,0.0,0.01,0.01,0.97,0.0,0.0,0.01,0.0
1190,4,0.0,0.0,0.0,0.0,0.98,0.0,0.01,0.0,0.01,0.0
1191,9,0.0,0.01,0.0,0.02,0.0,0.02,0.0,0.0,0.0,0.95
1192,1,0.0,0.91,0.01,0.0,0.02,0.0,0.01,0.01,0.04,0.0
1193,0,0.99,0.0,0.0,0.0,0.0,0.0,0.0,0.0,0.01,0.0
1194,1,0.0,0.96,0.0,0.02,0.0,0.01,0.0,0.0,0.01,0.0
1195,9,0.0,0.01,0.0,0.02,0.03,0.01,0.0,0.02,0.06,0.85
1196,9,0.0,0.0,0.01,0.0,0.0,0.06,0.0,0.02,0.02,0.89
1197,0,0.85,0.02,0.0,0.0,0.08,0.01,0.01,0.02,0.01,0.0
1198,3,0.0,0.0,0.01,0.96,0.0,0.0,0.0,0.0,0.03,0.0
1199,9,0.02,0.0,0.0,0.01,0.0,0.03,0.0,0.01,0.0,0.93
1200,1,0.0,0.97,0.01,0.0,0.0,0.0,0.0,0.0,0.01,0.01
1201,7,0.0,0.0,0.0,0.0,0.01,0.0,0.0,0.99,0.0,0.0
1202,7,0.01,0.0,0.0,0.0,0.01,0.0,0.0,0.98,0.0,0.0
1203,0,0.98,0.0,0.0,0.0,0.01,0.0,0.0,0.0,0.0,0.01
1204,5,0.0,0.01,0.01,0.07,0.0,0.74,0.02,0.0,0.03,0.12
1205,0,0.65,0.01,0.01,0.01,0.14,0.02,0.09,0.01,0.05,0.01
1206,8,0.0,0.02,0.01,0.0,0.01,0.02,0.0,0.0,0.94,0.0
1207,8,0.0,0.12,0.0,0.0,0.04,0.02,0.0,0.04,0.77,0.01
1208,7,0.0,0.0,0.01,0.01,0.03,0.0,0.0,0.94,0.01,0.0
1209,4,0.01,0.01,0.0,0.0,0.97,0.0,0.01,0.0,0.0,0.0
1210,3,0.0,0.01,0.01,0.93,0.0,0.0,0.0,0.0,0.02,0.03
1211,0,1.0,0.0,0.0,0.0,0.0,0.0,0.0,0.0,0.0,0.0
1212,9,0.02,0.01,0.01,0.03,0.0,0.01,0.0,0.0,0.0,0.92
1213,5,0.0,0.0,0.0,0.0,0.01,0.92,0.03,0.0,0.02,0.02
1214,1,0.01,0.85,0.0,0.01,0.01,0.0,0.02,0.04,0.06,0.0
1215,6,0.0,0.0,0.0,0.0,0.0,0.0,0.99,0.0,0.01,0.0
1216,4,0.0,0.01,0.01,0.0,0.9,0.02,0.05,0.0,0.01,0.0
1217,7,0.0,0.01,0.0,0.0,0.0,0.0,0.0,0.98,0.01,0.0
1218,1,0.0,0.92,0.01,0.0,0.03,0.02,0.01,0.01,0.0,0.0
1219,4,0.0,0.0,0.0,0.0,1.0,0.0,0.0,0.0,0.0,0.0
1220,2,0.0,0.0,1.0,0.0,0.0,0.0,0.0,0.0,0.0,0.0
1221,7,0.0,0.0,0.0,0.0,0.01,0.01,0.0,0.98,0.0,0.0
1222,2,0.0,0.02,0.85,0.1,0.0,0.0,0.0,0.0,0.02,0.01
1223,9,0.0,0.0,0.0,0.02,0.0,0.0,0.0,0.01,0.0,0.97
1224,4,0.0,0.0,0.0,0.0,0.98,0.0,0.0,0.02,0.0,0.0
1225,3,0.0,0.0,0.01,0.98,0.0,0.0,0.0,0.0,0.0,0.01
1226,6,0.0,0.02,0.01,0.0,0.01,0.0,0.94,0.0,0.02,0.0
1227,9,0.0,0.0,0.0,0.0,0.0,0.0,0.0,0.0,0.01,0.99
1228,1,0.0,0.88,0.01,0.05,0.01,0.0,0.02,0.0,0.0,0.03
1229,4,0.0,0.0,0.01,0.0,0.98,0.0,0.0,0.0,0.01,0.0
1230,2,0.0,0.07,0.88,0.02,0.0,0.0,0.01,0.01,0.0,0.01
1231,9,0.0,0.0,0.0,0.01,0.0,0.0,0.01,0.0,0.01,0.97
1232,2,0.01,0.0,0.74,0.1,0.0,0.03,0.0,0.03,0.03,0.06
1233,4,0.0,0.01,0.0,0.0,0.96,0.01,0.0,0.0,0.02,0.0
1234,3,0.0,0.02,0.0,0.96,0.0,0.0,0.0,0.0,0.0,0.02
1235,3,0.0,0.02,0.0,0.93,0.0,0.02,0.0,0.02,0.01,0.0
1236,4,0.0,0.0,0.0,0.0,0.99,0.0,0.01,0.0,0.0,0.0
1237,7,0.0,0.0,0.01,0.0,0.0,0.0,0.0,0.95,0.0,0.04
1238,2,0.0,0.01,0.98,0.0,0.0,0.0,0.0,0.0,0.0,0.01
1239,8,0.01,0.03,0.01,0.0,0.02,0.03,0.02,0.04,0.79,0.05
1240,6,0.01,0.0,0.0,0.0,0.0,0.0,0.99,0.0,0.0,0.0
1241,6,0.0,0.0,0.01,0.01,0.02,0.05,0.9,0.0,0.01,0.0
1242,0,1.0,0.0,0.0,0.0,0.0,0.0,0.0,0.0,0.0,0.0
1243,4,0.0,0.0,0.02,0.01,0.78,0.01,0.0,0.11,0.05,0.02
1244,9,0.04,0.02,0.0,0.03,0.01,0.02,0.01,0.01,0.04,0.82
1245,8,0.0,0.08,0.05,0.01,0.0,0.0,0.01,0.01,0.83,0.01
1246,4,0.01,0.01,0.0,0.0,0.96,0.02,0.0,0.0,0.0,0.0
1247,4,0.0,0.0,0.0,0.0,1.0,0.0,0.0,0.0,0.0,0.0
1248,8,0.0,0.03,0.06,0.03,0.01,0.0,0.02,0.0,0.85,0.0
1249,5,0.0,0.01,0.01,0.0,0.0,0.88,0.02,0.03,0.05,0.0
1250,7,0.0,0.0,0.0,0.0,0.0,0.0,0.0,1.0,0.0,0.0
1251,6,0.0,0.03,0.0,0.0,0.0,0.0,0.97,0.0,0.0,0.0
1252,5,0.0,0.0,0.01,0.01,0.01,0.92,0.0,0.01,0.03,0.01
1253,6,0.0,0.01,0.0,0.0,0.01,0.01,0.95,0.01,0.0,0.01
1254,8,0.0,0.04,0.02,0.01,0.0,0.0,0.0,0.02,0.9,0.01
1255,0,0.99,0.0,0.0,0.0,0.0,0.0,0.0,0.0,0.0,0.01
1256,4,0.01,0.0,0.01,0.0,0.94,0.0,0.02,0.02,0.0,0.0
1257,9,0.0,0.0,0.0,0.01,0.01,0.0,0.0,0.0,0.0,0.98
1258,5,0.0,0.01,0.0,0.04,0.0,0.9,0.01,0.0,0.01,0.03
1259,0,0.99,0.0,0.0,0.0,0.0,0.0,0.01,0.0,0.0,0.0
1260,5,0.02,0.01,0.0,0.0,0.0,0.94,0.0,0.01,0.0,0.02
1261,3,0.0,0.0,0.0,0.93,0.0,0.01,0.02,0.0,0.02,0.02
1262,6,0.0,0.17,0.01,0.0,0.02,0.01,0.77,0.0,0.02,0.0
1263,9,0.0,0.0,0.0,0.0,0.0,0.0,0.0,0.0,0.0,1.0
1264,1,0.0,0.87,0.02,0.0,0.0,0.0,0.11,0.0,0.0,0.0
1265,1,0.01,0.76,0.04,0.01,0.04,0.07,0.03,0.01,0.03,0.0
1266,8,0.0,0.03,0.02,0.0,0.01,0.0,0.0,0.0,0.94,0.0
1267,4,0.0,0.02,0.0,0.0,0.96,0.0,0.02,0.0,0.0,0.0
1268,0,0.91,0.0,0.0,0.02,0.0,0.0,0.05,0.0,0.02,0.0
1269,9,0.0,0.0,0.01,0.08,0.0,0.03,0.0,0.0,0.0,0.88
1270,2,0.0,0.02,0.82,0.05,0.0,0.0,0.0,0.02,0.08,0.01
1271,6,0.0,0.01,0.0,0.0,0.0,0.0,0.98,0.0,0.01,0.0
1272,9,0.01,0.01,0.01,0.08,0.02,0.09,0.0,0.05,0.01,0.72
1273,8,0.0,0.04,0.06,0.01,0.0,0.0,0.0,0.01,0.88,0.0
1274,6,0.02,0.0,0.0,0.0,0.02,0.03,0.93,0.0,0.0,0.0
1275,8,0.01,0.14,0.03,0.03,0.04,0.02,0.0,0.03,0.68,0.02
1276,7,0.0,0.0,0.0,0.01,0.0,0.01,0.0,0.98,0.0,0.0
1277,1,0.0,0.98,0.0,0.0,0.0,0.0,0.0,0.0,0.02,0.0
1278,5,0.05,0.03,0.01,0.0,0.0,0.87,0.01,0.01,0.02,0.0
1279,7,0.0,0.01,0.0,0.0,0.01,0.0,0.0,0.96,0.02,0.0
1280,2,0.0,0.01,0.89,0.06,0.0,0.0,0.0,0.01,0.02,0.01
1281,8,0.0,0.0,0.01,0.01,0.0,0.0,0.0,0.0,0.97,0.01
1282,0,1.0,0.0,0.0,0.0,0.0,0.0,0.0,0.0,0.0,0.0
1283,8,0.0,0.03,0.0,0.03,0.0,0.02,0.0,0.0,0.9,0.02
1284,8,0.0,0.03,0.05,0.0,0.0,0.0,0.02,0.0,0.9,0.0
1285,6,0.0,0.01,0.01,0.0,0.01,0.0,0.95,0.0,0.02,0.0
1286,7,0.0,0.01,0.01,0.0,0.01,0.01,0.0,0.91,0.05,0.0
1287,0,1.0,0.0,0.0,0.0,0.0,0.0,0.0,0.0,0.0,0.0
1288,9,0.0,0.11,0.0,0.0,0.01,0.0,0.0,0.0,0.05,0.83
1289,3,0.0,0.01,0.03,0.94,0.0,0.0,0.0,0.01,0.01,0.0
1290,8,0.02,0.08,0.03,0.01,0.02,0.01,0.01,0.01,0.81,0.0
1291,2,0.02,0.01,0.85,0.02,0.01,0.0,0.01,0.03,0.04,0.01
1292,0,1.0,0.0,0.0,0.0,0.0,0.0,0.0,0.0,0.0,0.0
1293,2,0.0,0.09,0.73,0.02,0.0,0.0,0.0,0.04,0.11,0.01
1294,1,0.0,0.91,0.01,0.0,0.01,0.02,0.01,0.0,0.04,0.0
1295,7,0.01,0.04,0.0,0.01,0.0,0.01,0.01,0.89,0.01,0.02
1296,4,0.02,0.0,0.0,0.0,0.94,0.0,0.0,0.0,0.02,0.02
1297,3,0.0,0.01,0.03,0.72,0.0,0.1,0.03,0.04,0.03,0.04
1298,1,0.0,0.88,0.0,0.0,0.05,0.01,0.0,0.0,0.06,0.0
1299,4,0.0,0.12,0.0,0.0,0.86,0.0,0.0,0.0,0.02,0.0
1300,2,0.0,0.01,0.99,0.0,0.0,0.0,0.0,0.0,0.0,0.0
1301,8,0.0,0.01,0.0,0.01,0.0,0.0,0.0,0.0,0.98,0.0
1302,2,0.0,0.0,0.99,0.0,0.0,0.0,0.0,0.0,0.01,0.0
1303,5,0.01,0.0,0.0,0.0,0.01,0.95,0.01,0.01,0.01,0.0
1304,3,0.0,0.0,0.01,0.95,0.0,0.0,0.0,0.0,0.0,0.04
1305,8,0.0,0.0,0.0,0.08,0.0,0.06,0.02,0.0,0.81,0.03
1306,5,0.01,0.0,0.0,0.01,0.0,0.92,0.01,0.0,0.02,0.03
1307,5,0.02,0.02,0.04,0.03,0.0,0.78,0.0,0.0,0.05,0.06
1308,5,0.01,0.01,0.0,0.04,0.0,0.87,0.0,0.0,0.01,0.06
1309,8,0.0,0.01,0.01,0.02,0.0,0.0,0.06,0.01,0.88,0.01
1310,1,0.0,0.82,0.03,0.02,0.01,0.0,0.0,0.02,0.03,0.07
1311,5,0.0,0.01,0.0,0.04,0.02,0.79,0.09,0.01,0.02,0.02
1312,3,0.0,0.0,0.02,0.98,0.0,0.0,0.0,0.0,0.0,0.0
1313,1,0.0,0.84,0.01,0.01,0.0,0.01,0.01,0.0,0.01,0.11
1314,1,0.0,0.95,0.01,0.0,0.0,0.02,0.0,0.01,0.01,0.0
1315,9,0.01,0.08,0.0,0.02,0.01,0.01,0.03,0.01,0.05,0.78
1316,1,0.0,0.89,0.01,0.02,0.02,0.03,0.0,0.01,0.0,0.02
1317,4,0.0,0.02,0.0,0.0,0.93,0.01,0.02,0.02,0.0,0.0
1318,4,0.0,0.0,0.0,0.01,0.91,0.03,0.05,0.0,0.0,0.0
1319,4,0.01,0.0,0.0,0.0,0.99,0.0,0.0,0.0,0.0,0.0
1320,3,0.0,0.01,0.04,0.92,0.0,0.01,0.0,0.0,0.0,0.02
1321,5,0.0,0.05,0.0,0.0,0.02,0.82,0.02,0.06,0.01,0.02
1322,6,0.03,0.03,0.01,0.0,0.11,0.03,0.68,0.01,0.09,0.01
1323,8,0.0,0.01,0.01,0.0,0.01,0.02,0.0,0.0,0.94,0.01
1324,2,0.0,0.02,0.87,0.04,0.0,0.02,0.0,0.0,0.04,0.01
1325,5,0.01,0.01,0.0,0.0,0.0,0.97,0.0,0.0,0.01,0.0
1326,7,0.0,0.0,0.01,0.0,0.01,0.0,0.0,0.98,0.0,0.0
1327,5,0.0,0.0,0.0,0.0,0.01,0.93,0.0,0.0,0.03,0.03
1328,1,0.0,1.0,0.0,0.0,0.0,0.0,0.0,0.0,0.0,0.0
1329,5,0.0,0.01,0.0,0.0,0.01,0.93,0.0,0.0,0.05,0.0
1330,7,0.0,0.0,0.0,0.02,0.01,0.0,0.0,0.94,0.03,0.0
1331,9,0.03,0.15,0.01,0.01,0.01,0.04,0.01,0.01,0.02,0.71
1332,9,0.01,0.0,0.0,0.02,0.0,0.03,0.0,0.0,0.02,0.92
1333,2,0.0,0.01,0.97,0.01,0.0,0.0,0.0,0.0,0.0,0.01
1334,7,0.0,0.0,0.0,0.01,0.01,0.01,0.0,0.95,0.0,0.02
1335,1,0.0,0.93,0.02,0.01,0.0,0.0,0.0,0.0,0.0,0.04
1336,9,0.0,0.0,0.0,0.01,0.0,0.0,0.0,0.0,0.0,0.99
1337,0,0.95,0.01,0.0,0.0,0.01,0.02,0.0,0.0,0.01,0.0
1338,9,0.04,0.0,0.0,0.01,0.0,0.0,0.0,0.0,0.0,0.95
1339,3,0.0,0.0,0.01,0.89,0.0,0.05,0.0,0.0,0.03,0.02
1340,7,0.01,0.0,0.0,0.02,0.04,0.0,0.0,0.93,0.0,0.0
1341,5,0.0,0.0,0.01,0.0,0.0,0.96,0.0,0.0,0.02,0.01
1342,9,0.0,0.03,0.03,0.1,0.0,0.0,0.0,0.0,0.01,0.83
1343,0,0.99,0.0,0.0,0.0,0.0,0.0,0.01,0.0,0.0,0.0
1344,3,0.0,0.0,0.01,0.96,0.0,0.0,0.0,0.01,0.0,0.02
1345,5,0.02,0.04,0.0,0.01,0.01,0.88,0.0,0.0,0.03,0.01
1346,1,0.0,0.99,0.0,0.01,0.0,0.0,0.0,0.0,0.0,0.0
1347,1,0.0,0.81,0.01,0.08,0.0,0.0,0.0,0.01,0.04,0.05
1348,5,0.0,0.01,0.01,0.0,0.01,0.97,0.0,0.0,0.0,0.0
1349,0,0.96,0.0,0.0,0.01,0.0,0.0,0.0,0.0,0.01,0.02
1350,0,0.86,0.0,0.0,0.01,0.01,0.01,0.02,0.0,0.04,0.05
1351,5,0.0,0.0,0.0,0.05,0.0,0.9,0.02,0.0,0.02,0.01
1352,0,0.94,0.0,0.0,0.02,0.0,0.0,0.01,0.0,0.0,0.03
1353,4,0.02,0.0,0.0,0.0,0.98,0.0,0.0,0.0,0.0,0.0
1354,1,0.0,0.96,0.0,0.0,0.02,0.01,0.01,0.0,0.0,0.0
1355,2,0.0,0.0,0.92,0.06,0.0,0.01,0.0,0.01,0.0,0.0
1356,2,0.0,0.03,0.87,0.03,0.01,0.01,0.0,0.01,0.03,0.01
1357,6,0.0,0.01,0.02,0.0,0.01,0.01,0.95,0.0,0.0,0.0
1358,8,0.0,0.01,0.01,0.0,0.01,0.01,0.01,0.0,0.93,0.02
1359,8,0.01,0.03,0.0,0.0,0.0,0.06,0.0,0.02,0.82,0.06
1360,0,0.99,0.0,0.0,0.01,0.0,0.0,0.0,0.0,0.0,0.0
1361,3,0.0,0.0,0.0,1.0,0.0,0.0,0.0,0.0,0.0,0.0
1362,4,0.01,0.01,0.0,0.0,0.97,0.0,0.01,0.0,0.0,0.0
1363,3,0.0,0.0,0.01,0.99,0.0,0.0,0.0,0.0,0.0,0.0
1364,3,0.0,0.0,0.0,0.98,0.0,0.01,0.0,0.01,0.0,0.0
1365,8,0.01,0.04,0.02,0.0,0.02,0.0,0.0,0.0,0.91,0.0
1366,4,0.01,0.0,0.0,0.0,0.95,0.02,0.02,0.0,0.0,0.0
1367,0,0.92,0.0,0.0,0.01,0.01,0.01,0.01,0.01,0.01,0.02
1368,6,0.03,0.01,0.01,0.0,0.01,0.02,0.88,0.02,0.02,0.0
1369,0,0.97,0.0,0.0,0.0,0.0,0.03,0.0,0.0,0.0,0.0
1370,2,0.0,0.11,0.84,0.0,0.0,0.01,0.03,0.0,0.01,0.0
1371,3,0.0,0.0,0.01,0.96,0.0,0.01,0.0,0.0,0.02,0.0
1372,3,0.0,0.0,0.03,0.95,0.0,0.0,0.0,0.0,0.01,0.01
1373,2,0.0,0.04,0.88,0.01,0.0,0.01,0.01,0.0,0.04,0.01
1374,1,0.0,0.91,0.0,0.01,0.0,0.0,0.0,0.01,0.01,0.06
1375,0,1.0,0.0,0.0,0.0,0.0,0.0,0.0,0.0,0.0,0.0
1376,0,0.99,0.0,0.0,0.0,0.0,0.0,0.01,0.0,0.0,0.0
1377,4,0.0,0.0,0.0,0.0,1.0,0.0,0.0,0.0,0.0,0.0
1378,0,0.9,0.0,0.01,0.01,0.01,0.0,0.01,0.0,0.04,0.02
1379,0,1.0,0.0,0.0,0.0,0.0,0.0,0.0,0.0,0.0,0.0
1380,1,0.0,0.92,0.01,0.0,0.01,0.02,0.0,0.0,0.0,0.04
1381,8,0.0,0.02,0.08,0.03,0.0,0.03,0.01,0.01,0.82,0.0
1382,2,0.0,0.01,0.98,0.01,0.0,0.0,0.0,0.0,0.0,0.0
1383,0,1.0,0.0,0.0,0.0,0.0,0.0,0.0,0.0,0.0,0.0
1384,4,0.0,0.0,0.0,0.0,0.99,0.0,0.0,0.0,0.01,0.0
1385,1,0.0,0.95,0.0,0.0,0.0,0.0,0.01,0.0,0.04,0.0
1386,5,0.02,0.0,0.0,0.02,0.0,0.89,0.01,0.01,0.0,0.05
1387,6,0.0,0.0,0.0,0.0,0.01,0.01,0.97,0.0,0.01,0.0
1388,8,0.0,0.0,0.04,0.02,0.0,0.01,0.01,0.01,0.91,0.0
1389,0,0.96,0.01,0.0,0.0,0.0,0.0,0.0,0.0,0.01,0.02
1390,3,0.0,0.02,0.02,0.91,0.0,0.0,0.0,0.0,0.0,0.05
1391,9,0.0,0.01,0.0,0.05,0.01,0.0,0.0,0.0,0.01,0.92
1392,8,0.0,0.0,0.03,0.01,0.01,0.0,0.01,0.0,0.94,0.0
1393,2,0.0,0.0,0.97,0.02,0.0,0.01,0.0,0.0,0.0,0.0
1394,8,0.0,0.01,0.01,0.01,0.0,0.0,0.01,0.0,0.96,0.0
1395,4,0.0,0.17,0.01,0.01,0.7,0.01,0.02,0.02,0.06,0.0
1396,0,0.99,0.0,0.0,0.0,0.0,0.0,0.0,0.0,0.01,0.0
1397,6,0.0,0.02,0.0,0.0,0.0,0.0,0.97,0.01,0.0,0.0
1398,4,0.0,0.0,0.01,0.0,0.97,0.0,0.01,0.0,0.0,0.01
1399,1,0.0,0.82,0.07,0.0,0.01,0.03,0.03,0.01,0.03,0.0
1400,0,0.95,0.0,0.0,0.0,0.01,0.01,0.0,0.0,0.01,0.02
1401,0,1.0,0.0,0.0,0.0,0.0,0.0,0.0,0.0,0.0,0.0
1402,1,0.0,0.95,0.0,0.01,0.0,0.0,0.01,0.02,0.01,0.0
1403,2,0.0,0.02,0.88,0.05,0.0,0.0,0.0,0.01,0.02,0.02
1404,9,0.02,0.0,0.0,0.05,0.0,0.01,0.0,0.01,0.03,0.88
1405,7,0.0,0.0,0.0,0.01,0.0,0.01,0.0,0.97,0.0,0.01
1406,0,0.99,0.0,0.0,0.0,0.0,0.0,0.0,0.0,0.0,0.01
1407,8,0.0,0.0,0.02,0.02,0.0,0.01,0.0,0.0,0.92,0.03
1408,6,0.0,0.01,0.0,0.0,0.01,0.0,0.98,0.0,0.0,0.0
1409,3,0.0,0.0,0.03,0.95,0.0,0.0,0.0,0.01,0.01,0.0
1410,9,0.02,0.01,0.0,0.0,0.01,0.01,0.01,0.0,0.0,0.94
1411,2,0.0,0.01,0.99,0.0,0.0,0.0,0.0,0.0,0.0,0.0
1412,4,0.0,0.01,0.0,0.0,0.99,0.0,0.0,0.0,0.0,0.0
1413,4,0.0,0.01,0.0,0.0,0.91,0.04,0.01,0.03,0.0,0.0
1414,8,0.04,0.04,0.07,0.0,0.04,0.0,0.02,0.0,0.78,0.01
1415,3,0.0,0.01,0.01,0.95,0.0,0.02,0.0,0.0,0.0,0.01
1416,8,0.0,0.01,0.04,0.01,0.03,0.03,0.0,0.0,0.87,0.01
1417,0,1.0,0.0,0.0,0.0,0.0,0.0,0.0,0.0,0.0,0.0
1418,0,0.99,0.0,0.0,0.0,0.0,0.0,0.01,0.0,0.0,0.0
1419,6,0.0,0.0,0.0,0.0,0.01,0.01,0.96,0.0,0.02,0.0
1420,8,0.01,0.01,0.04,0.01,0.0,0.01,0.01,0.01,0.89,0.01
1421,5,0.0,0.02,0.0,0.04,0.01,0.89,0.0,0.0,0.01,0.03
1422,4,0.0,0.02,0.0,0.0,0.85,0.05,0.03,0.01,0.04,0.0
1423,6,0.0,0.0,0.0,0.0,0.0,0.0,1.0,0.0,0.0,0.0
1424,5,0.0,0.0,0.0,0.01,0.01,0.92,0.01,0.0,0.02,0.03
1425,7,0.01,0.0,0.0,0.01,0.0,0.0,0.0,0.93,0.01,0.04
1426,1,0.0,0.98,0.0,0.0,0.01,0.0,0.0,0.01,0.0,0.0
1427,4,0.0,0.04,0.0,0.0,0.93,0.0,0.0,0.0,0.01,0.02
1428,4,0.0,0.0,0.0,0.0,1.0,0.0,0.0,0.0,0.0,0.0
1429,5,0.0,0.01,0.01,0.05,0.02,0.86,0.0,0.0,0.02,0.03
1430,2,0.0,0.04,0.85,0.02,0.01,0.0,0.02,0.0,0.05,0.01
1431,4,0.0,0.01,0.0,0.0,0.74,0.02,0.0,0.02,0.04,0.17
1432,3,0.0,0.02,0.0,0.9,0.0,0.02,0.0,0.0,0.01,0.05
1433,7,0.01,0.0,0.0,0.01,0.01,0.01,0.0,0.95,0.0,0.01
1434,2,0.01,0.02,0.87,0.05,0.0,0.0,0.0,0.04,0.01,0.0
1435,7,0.0,0.04,0.01,0.01,0.02,0.02,0.0,0.87,0.01,0.02
1436,1,0.0,0.89,0.0,0.01,0.0,0.0,0.02,0.01,0.06,0.01
